age_years,age_months,,version,key_resp_32.keys,key_resp_32.rt,key_resp_35.keys,mouse_6.x,mouse_6.y,mouse_6.leftButton,mouse_6.midButton,mouse_6.rightButton,mouse_6.time,mouse_6.clicked_name,key_resp_5.keys,key_resp_5.rt,key_resp.keys,key_resp.rt,choice_right1,response.keys,response.corr,response.rt,key_resp_31.keys,key_resp_31.rt,sample_trial.thisRepN,sample_trial.thisTrialN,sample_trial.thisN,sample_trial.thisIndex,sample_trial.ran,visual_stimuli,age_group,block,correct,correct_shift,test_trials,numRatio,Num1,Num2,convex_hull,avg_ind_Dot_size,cum_Surf,cum_perim,sideLg,CH,CS1,CS2,CP,RR,LeftLarge,feedback_correct,feedback_incorrect,blank,ParticipantID,DayOfBirth,MonthOfBirth,YearOfBirth,AgeGroup,SiteID,Language,RemoveDOB,date,expName,psychopyVersion,OS,frameRate,key_resp_2.keys,key_resp_2.rt,key_resp_30.keys,key_resp_30.rt,practice.thisRepN,practice.thisTrialN,practice.thisN,practice.thisIndex,practice.ran,n1,n2,key_resp_9.keys,practice_loop.thisRepN,practice_loop.thisTrialN,practice_loop.thisN,practice_loop.thisIndex,practice_loop.ran,key_resp_4.keys,key_resp_4.rt,block1.thisRepN,block1.thisTrialN,block1.thisN,block1.thisIndex,block1.ran,Num_1,Num_2,ConvHull_1,ConvHull_2,TotSurf_1,TotSurf_2,ADBD_1,ADBD_2,AvDiameter_1,AvDiameter_2,TotContour_1,TotContour_2,ADfC_1,ADfC_2,TS_CH_1,TS_CH_2,isa_1,isa_2,threefeat,threefeat_num,block_displayed,fourfeat,key_resp_6.keys,key_resp_6.rt,block2.thisRepN,block2.thisTrialN,block2.thisN,block2.thisIndex,block2.ran,key_resp_7.keys,key_resp_7.rt,block3.thisRepN,block3.thisTrialN,block3.thisN,block3.thisIndex,block3.ran,totaltime_exp,key_resp_3.keys,key_resp_3.rt,key_resp_10.keys,key_resp_10.rt,key_resp_11.keys,key_resp_11.rt,key_resp_12.keys,key_resp_12.rt,key_resp_13.keys,start,P2T_rectangle,end,rt,accuracy,presented,mouse.x,mouse.y,mouse.leftButton,mouse.midButton,mouse.rightButton,mouse.time,mouse.clicked_name,key_resp_33.keys,key_resp_33.rt,mng_practice.thisRepN,mng_practice.thisTrialN,mng_practice.thisN,mng_practice.thisIndex,mng_practice.ran,list_vm,item,probe_p1,probe_p2,probe_p3,probe_p4,test_p1,test_p2,test_p3,test_p4,test_p5,test_p6,clicks,corr_p1,corr_p2,corr_p3,corr_p4,corr_p5,corr_p6,key_resp_14.keys,key_resp_14.rt,P1T_rectangle,key_resp_15.keys,key_resp_15.rt,key_resp_16.keys,key_resp_16.rt,key_resp_17.keys,accuracy_t1_o2,mouse_2.x,mouse_2.y,mouse_2.leftButton,mouse_2.midButton,mouse_2.rightButton,mouse_3.x,mouse_3.y,mouse_3.leftButton,mouse_3.midButton,mouse_3.rightButton,mouse_4.x,mouse_4.y,mouse_4.leftButton,mouse_4.midButton,mouse_4.rightButton,mouse_5.x,mouse_5.y,mouse_5.leftButton,mouse_5.midButton,mouse_5.rightButton,mng_exptrials_t1.thisRepN,mng_exptrials_t1.thisTrialN,mng_exptrials_t1.thisN,mng_exptrials_t1.thisIndex,mng_exptrials_t1.ran,objects,target_pos,positions,probe_obj,test_p7,test_p8,test_p9,corr_p7,corr_p8,corr_p9,P5T_rectangle,accuracy_t1_o3,P4T_rectangle,key_resp_17.rt,P6T_rectangle,accuracy_t1_o4,P8T_rectangle,P9T_rectangle,accuracy_t1_o5,key_resp_18.keys,key_resp_19.keys,key_resp_20.keys,accuracy_practice2,mouse_15.x,mouse_15.y,mouse_15.leftButton,mouse_15.midButton,mouse_15.rightButton,mouse_15.time,mouse_15.clicked_name,key_resp_34.keys,mng_practice2.thisRepN,mng_practice2.thisTrialN,mng_practice2.thisN,mng_practice2.thisIndex,mng_practice2.ran,key_resp_21.keys,key_resp_22.keys,key_resp_23.keys,key_resp_24.keys,accuracy_t2_o4,mouse_18.x,mouse_18.y,mouse_18.leftButton,mouse_18.midButton,mouse_18.rightButton,mouse_7.x,mouse_7.y,mouse_7.leftButton,mouse_7.midButton,mouse_7.rightButton,mouse_8.x,mouse_8.y,mouse_8.leftButton,mouse_8.midButton,mouse_8.rightButton,mng_exptrials_t2.thisRepN,mng_exptrials_t2.thisTrialN,mng_exptrials_t2.thisN,mng_exptrials_t2.thisIndex,mng_exptrials_t2.ran,probe_p5,probe_p6,probe_p7,test_p10,test_p11,test_p12,test_p13,test_p14,test_p15,test_p16,test_p17,test_p18,test_p19,test_p20,corr_p10,corr_p11,corr_p12,corr_p13,corr_p14,corr_p15,corr_p16,corr_p17,corr_p18,corr_p19,corr_p20,sum,accuracy_t2_o6,key_resp_25.keys,key_resp_26.keys,accuracy_t3_o5,mng_exptrials_t3.thisRepN,mng_exptrials_t3.thisTrialN,mng_exptrials_t3.thisN,mng_exptrials_t3.thisIndex,mng_exptrials_t3.ran,accuracy_t3_o6,accuracy_t3_o8,key_resp_27.keys,key_resp_28.keys,accuracy_t4_o6,mng_exptrials_t4.thisRepN,mng_exptrials_t4.thisTrialN,mng_exptrials_t4.thisN,mng_exptrials_t4.thisIndex,mng_exptrials_t4.ran,accuracy_t4_o8,accuracy_t4_o10,key_resp_29.keys,key_resp_29.rt
3,6,EarlyLearningLab02,online,space,3.7864,,-0.323026748,-0.093646533,1,0,0,1.7634,polygon,space,17.3163,space,2.6378,1,l,1,6.9338,space,3.0896,0,0,0,0,1,sample8_rect.png,all,sample,l,l,1,3.5,8,28,,equated,,,right,0,1500,5250,0,1,0,"Yes, that is right! There are more yellow dots.","Uh oh, that is not right! Look, no matter how spread out these dots are or how big they are, this side has more dots",amstask_rectangles2.png,EarlyLearningLab02,15,10,2021,3 or younger,EarlyLearningLab02,English,no,2025-04-17_16h17.58.837,manynumbers_ams_visualmemory_v2025.0301B_UCSD,2022.2.5,MacIntel,60.24096386,,,,,,,,,,,,,,,,,,,,,,,,,,,,,,,,,,,,,,,,,,,,,,,,,,,,,,,,,,,,,,,,,,,,,,,,,,,,,,,,,,,,,,,,,,,,,,,,,,,,,,,,,,,,,,,,,,,,,,,,,,,,,,,,,,,,,,,,,,,,,,,,,,,,,,,,,,,,,,,,,,,,,,,,,,,,,,,,,,,,,,,,,,,,,,,,,,,,,,,,,,,,,,,,,,,,,,,,,,,,,,,,,,,,,,,,,,,,,,,,,,,,,,,,,,,,,
,,,,,,,,,,,,,,,,space,1.8154,0,s,1,2.811,space,0.5453,0,0,0,0,1,sample7_rect.png,all,sample,a,s,1,4,5,20,,equated,,,left,0,1500,6000,0,1,1,"Yes, that is right! There are more blue dots.","Uh oh, that is not right! Look, no matter how spread out these dots are or how big they are, this side has more dots",amstask_rectangles2.png,EarlyLearningLab02,15,10,2021,3 or younger,EarlyLearningLab02,English,no,2025-04-17_16h17.58.837,manynumbers_ams_visualmemory_v2025.0301B_UCSD,2022.2.5,MacIntel,60.24096386,,,,,,,,,,,,,,,,,,,,,,,,,,,,,,,,,,,,,,,,,,,,,,,,,,,,,,,,,,,,,,,,,,,,,,,,,,,,,,,,,,,,,,,,,,,,,,,,,,,,,,,,,,,,,,,,,,,,,,,,,,,,,,,,,,,,,,,,,,,,,,,,,,,,,,,,,,,,,,,,,,,,,,,,,,,,,,,,,,,,,,,,,,,,,,,,,,,,,,,,,,,,,,,,,,,,,,,,,,,,,,,,,,,,,,,,,,,,,,,,,,,,,,,,,,,,,
,,,,,,,,,,,,,,,,space,0.8074,1,l,1,4.6601,,,,,,,,Practice4_rect.png,all,practice,l,l,4,3.5,,,equated,equated,0,0,right,53856,3000,10500,0,1,0,"Yes, that is right! There are more yellow dots.","Uh oh, that is not right! Look, no matter how spread out these dots are or how big they are, this side has more dots.",amstask_rectangles2.png,EarlyLearningLab02,15,10,2021,3 or younger,EarlyLearningLab02,English,no,2025-04-17_16h17.58.837,manynumbers_ams_visualmemory_v2025.0301B_UCSD,2022.2.5,MacIntel,60.24096386,space,2.2254,space,1.8895,0,0,0,3,1,10,35,,,,,,,,,,,,,,,,,,,,,,,,,,,,,,,,,,,,,,,,,,,,,,,,,,,,,,,,,,,,,,,,,,,,,,,,,,,,,,,,,,,,,,,,,,,,,,,,,,,,,,,,,,,,,,,,,,,,,,,,,,,,,,,,,,,,,,,,,,,,,,,,,,,,,,,,,,,,,,,,,,,,,,,,,,,,,,,,,,,,,,,,,,,,,,,,,,,,,,,,,,,,,,,,,,,,,,,,,,,,,,,,,,,,,,,,,,,,,,,,,,
,,,,,,,,,,,,,,,,space,2.383,1,l,0,5.4337,,,,,,,,Practice3_rect.png,all,practice,a,s,3,4,,,equated,0,0,equated,left,86502,0,0,1695,2,1,"Yes, that is right! There are more blue dots.","Uh oh, that is not right! Look, no matter how spread out these dots are or how big they are, this side has more dots.",amstask_rectangles2.png,EarlyLearningLab02,15,10,2021,3 or younger,EarlyLearningLab02,English,no,2025-04-17_16h17.58.837,manynumbers_ams_visualmemory_v2025.0301B_UCSD,2022.2.5,MacIntel,60.24096386,,,space,14.1846,0,1,1,2,1,12,48,,,,,,,,,,,,,,,,,,,,,,,,,,,,,,,,,,,,,,,,,,,,,,,,,,,,,,,,,,,,,,,,,,,,,,,,,,,,,,,,,,,,,,,,,,,,,,,,,,,,,,,,,,,,,,,,,,,,,,,,,,,,,,,,,,,,,,,,,,,,,,,,,,,,,,,,,,,,,,,,,,,,,,,,,,,,,,,,,,,,,,,,,,,,,,,,,,,,,,,,,,,,,,,,,,,,,,,,,,,,,,,,,,,,,,,,,,,,,,,,,,
,,,,,,,,,,,,,,,,space,3.6014,0,s,1,3.0875,,,,,,,,Practice5_rect.png,all,practice,a,s,5,3.5,,,0,0,equated,0,left,0,5721,5721,0,1,1,"Yes, that is right! There are more blue dots.","Uh oh, that is not right! Look, no matter how spread out these dots are or how big they are, this side has more dots.",amstask_rectangles2.png,EarlyLearningLab02,15,10,2021,3 or younger,EarlyLearningLab02,English,no,2025-04-17_16h17.58.837,manynumbers_ams_visualmemory_v2025.0301B_UCSD,2022.2.5,MacIntel,60.24096386,,,space,2.1431,0,2,2,4,1,12,42,,,,,,,,,,,,,,,,,,,,,,,,,,,,,,,,,,,,,,,,,,,,,,,,,,,,,,,,,,,,,,,,,,,,,,,,,,,,,,,,,,,,,,,,,,,,,,,,,,,,,,,,,,,,,,,,,,,,,,,,,,,,,,,,,,,,,,,,,,,,,,,,,,,,,,,,,,,,,,,,,,,,,,,,,,,,,,,,,,,,,,,,,,,,,,,,,,,,,,,,,,,,,,,,,,,,,,,,,,,,,,,,,,,,,,,,,,,,,,,,,,
,,,,,,,,,,,,,,,,space,0.8656,0,s,1,6.6075,,,,,,,,Practice1_rect.png,all,practice,a,s,1,4,,,equated,equated,0,0,left,135847,3000,12000,0,1,1,"Yes, that is right! There are more blue dots.","Uh oh, that is not right! Look, no matter how spread out these dots are or how big they are, this side has more dots.",amstask_rectangles2.png,EarlyLearningLab02,15,10,2021,3 or younger,EarlyLearningLab02,English,no,2025-04-17_16h17.58.837,manynumbers_ams_visualmemory_v2025.0301B_UCSD,2022.2.5,MacIntel,60.24096386,,,space,1.4615,0,3,3,0,1,10,40,,,,,,,,,,,,,,,,,,,,,,,,,,,,,,,,,,,,,,,,,,,,,,,,,,,,,,,,,,,,,,,,,,,,,,,,,,,,,,,,,,,,,,,,,,,,,,,,,,,,,,,,,,,,,,,,,,,,,,,,,,,,,,,,,,,,,,,,,,,,,,,,,,,,,,,,,,,,,,,,,,,,,,,,,,,,,,,,,,,,,,,,,,,,,,,,,,,,,,,,,,,,,,,,,,,,,,,,,,,,,,,,,,,,,,,,,,,,,,,,,,
,,,,,,,,,,,,,,,,space,0.8196,1,l,1,7.7761,,,,,,,,Practice6_rect.png,all,practice,l,l,6,3.5,,,equated,0,0,equated,right,91673,0,0,1827,2,0,"Yes, that is right! There are more yellow dots.","Uh oh, that is not right! Look, no matter how spread out these dots are or how big they are, this side has more dots.",amstask_rectangles2.png,EarlyLearningLab02,15,10,2021,3 or younger,EarlyLearningLab02,English,no,2025-04-17_16h17.58.837,manynumbers_ams_visualmemory_v2025.0301B_UCSD,2022.2.5,MacIntel,60.24096386,,,space,1.8344,0,4,4,5,1,14,49,,,,,,,,,,,,,,,,,,,,,,,,,,,,,,,,,,,,,,,,,,,,,,,,,,,,,,,,,,,,,,,,,,,,,,,,,,,,,,,,,,,,,,,,,,,,,,,,,,,,,,,,,,,,,,,,,,,,,,,,,,,,,,,,,,,,,,,,,,,,,,,,,,,,,,,,,,,,,,,,,,,,,,,,,,,,,,,,,,,,,,,,,,,,,,,,,,,,,,,,,,,,,,,,,,,,,,,,,,,,,,,,,,,,,,,,,,,,,,,,,,
,,,,,,,,,,,,,,,,space,0.6939,1,l,1,5.1912,,,,,,,,Practice2_rect.png,all,practice,l,l,2,4,,,0,0,equated,0,right,0,7399,7399,0,1,0,"Yes, that is right! There are more yellow dots.","Uh oh, that is not right! Look, no matter how spread out these dots are or how big they are, this side has more dots.",amstask_rectangles2.png,EarlyLearningLab02,15,10,2021,3 or younger,EarlyLearningLab02,English,no,2025-04-17_16h17.58.837,manynumbers_ams_visualmemory_v2025.0301B_UCSD,2022.2.5,MacIntel,60.24096386,,,space,2.3184,0,5,5,1,1,11,44,,,,,,,,,,,,,,,,,,,,,,,,,,,,,,,,,,,,,,,,,,,,,,,,,,,,,,,,,,,,,,,,,,,,,,,,,,,,,,,,,,,,,,,,,,,,,,,,,,,,,,,,,,,,,,,,,,,,,,,,,,,,,,,,,,,,,,,,,,,,,,,,,,,,,,,,,,,,,,,,,,,,,,,,,,,,,,,,,,,,,,,,,,,,,,,,,,,,,,,,,,,,,,,,,,,,,,,,,,,,,,,,,,,,,,,,,,,,,,,,,,
,,,,,,,,,,,,,,,,,,,,,,,,,,,,,,,,,,,,,,,,,,,,,,,,,,,,EarlyLearningLab02,15,10,2021,3 or younger,EarlyLearningLab02,English,no,2025-04-17_16h17.58.837,manynumbers_ams_visualmemory_v2025.0301B_UCSD,2022.2.5,MacIntel,60.24096386,,,,,,,,,,,,,0,0,0,0,1,,,,,,,,,,,,,,,,,,,,,,,,,,,,,,,,,,,,,,,,,,,,,,,,,,,,,,,,,,,,,,,,,,,,,,,,,,,,,,,,,,,,,,,,,,,,,,,,,,,,,,,,,,,,,,,,,,,,,,,,,,,,,,,,,,,,,,,,,,,,,,,,,,,,,,,,,,,,,,,,,,,,,,,,,,,,,,,,,,,,,,,,,,,,,,,,,,,,,,,,,,,,,,,,,,,,,,,,,,,,,,,,,,,,,,,,,,,,
,,,,,,,,,,,,,,,,space,3.7556,1,l,1,4.4005,,,,,,,,Age3_test37_rect.png,3,,l,l,37,2.5,,,equated,0,0,equated,right,47812,0,0,1688,2,0,,,,EarlyLearningLab02,15,10,2021,3 or younger,EarlyLearningLab02,English,no,2025-04-17_16h17.58.837,manynumbers_ams_visualmemory_v2025.0301B_UCSD,2022.2.5,MacIntel,60.24096386,,,,,,,,,,10,25,,,,,,,space,8.0618,0,0,0,14,1,10,25,47827,47821,23422,9368,21,23,54,21,1688,1688,61,79,0.48972,0.1959,2290.221044,346.3605901,0_0_equated,1,b2,1_equated,,,,,,,,,,,,,,,,,,,,,,,,,,,,,,,,,,,,,,,,,,,,,,,,,,,,,,,,,,,,,,,,,,,,,,,,,,,,,,,,,,,,,,,,,,,,,,,,,,,,,,,,,,,,,,,,,,,,,,,,,,,,,,,,,,,,,,,,,,,,,,,,,,,,,,,,,,,,,,,,,,,,,,,,,,,,,,,,,,,,,,,,,,,,,,,,,,,,,,,,,,,,,,,
,,,,,,,,,,,,,,,,space,0.733,0,s,1,2.4021,,,,,,,,Age3_test5_rect.png,3,,a,s,5,2.5,,,equated,equated,0,0,left,79018,3000,7500,0,1,1,,,,EarlyLearningLab02,15,10,2021,3 or younger,EarlyLearningLab02,English,no,2025-04-17_16h17.58.837,manynumbers_ams_visualmemory_v2025.0301B_UCSD,2022.2.5,MacIntel,60.24096386,,,,,,,,,,10,25,,,,,,,,,0,1,1,12,1,25,10,79037,78988,7500,3000,41,84,19,19,1519,610,109,122,0.094892,0.03798,283.528737,283.528737,equated_0_0,3,b2,3_equated,,,,,,,,,,,,,,,,,,,,,,,,,,,,,,,,,,,,,,,,,,,,,,,,,,,,,,,,,,,,,,,,,,,,,,,,,,,,,,,,,,,,,,,,,,,,,,,,,,,,,,,,,,,,,,,,,,,,,,,,,,,,,,,,,,,,,,,,,,,,,,,,,,,,,,,,,,,,,,,,,,,,,,,,,,,,,,,,,,,,,,,,,,,,,,,,,,,,,,,,,,,,,,,
,,,,,,,,,,,,,,,,space,0.418,1,l,1,4.5995,,,,,,,,Age3_test17_rect.png,3,,l,l,17,3,,,0,0,equated,0,right,0,4142,4142,0,1,0,,,,EarlyLearningLab02,15,10,2021,3 or younger,EarlyLearningLab02,English,no,2025-04-17_16h17.58.837,manynumbers_ams_visualmemory_v2025.0301B_UCSD,2022.2.5,MacIntel,60.24096386,,,,,,,,,,10,30,,,,,,,,,0,2,2,1,1,10,30,166000,186000,4142,4142,130,63,23,13,711,1237,182,175,0.024997,0.022221,415.4756284,132.7322896,0_equated_0,2,b2,2_0,,,,,,,,,,,,,,,,,,,,,,,,,,,,,,,,,,,,,,,,,,,,,,,,,,,,,,,,,,,,,,,,,,,,,,,,,,,,,,,,,,,,,,,,,,,,,,,,,,,,,,,,,,,,,,,,,,,,,,,,,,,,,,,,,,,,,,,,,,,,,,,,,,,,,,,,,,,,,,,,,,,,,,,,,,,,,,,,,,,,,,,,,,,,,,,,,,,,,,,,,,,,,,,
,,,,,,,,,,,,,,,,space,0.5328,0,s,0,4.9171,,,,,,,,Age3_test25_rect.png,3,,l,l,25,2,,,0,0,equated,0,right,0,4145,4145,0,1,0,,,,EarlyLearningLab02,15,10,2021,3 or younger,EarlyLearningLab02,English,no,2025-04-17_16h17.58.837,manynumbers_ams_visualmemory_v2025.0301B_UCSD,2022.2.5,MacIntel,60.24096386,,,,,,,,,,10,20,,,,,,,,,0,3,3,2,1,10,20,191000,177000,4145,4145,144,74,23,16,710,1007,216,180,0.021743,0.023379,415.4756284,201.0619298,0_equated_0,2,b2,2_0,,,,,,,,,,,,,,,,,,,,,,,,,,,,,,,,,,,,,,,,,,,,,,,,,,,,,,,,,,,,,,,,,,,,,,,,,,,,,,,,,,,,,,,,,,,,,,,,,,,,,,,,,,,,,,,,,,,,,,,,,,,,,,,,,,,,,,,,,,,,,,,,,,,,,,,,,,,,,,,,,,,,,,,,,,,,,,,,,,,,,,,,,,,,,,,,,,,,,,,,,,,,,,,
,,,,,,,,,,,,,,,,space,0.4033,1,l,0,7.5327,,,,,,,,Age3_test46_rect.png,3,,a,s,46,1.5,,,equated,0,0,equated,left,47850,0,0,1751,2,1,,,,EarlyLearningLab02,15,10,2021,3 or younger,EarlyLearningLab02,English,no,2025-04-17_16h17.58.837,manynumbers_ams_visualmemory_v2025.0301B_UCSD,2022.2.5,MacIntel,60.24096386,,,,,,,,,,14,21,,,,,,,,,0,4,4,13,1,21,14,47864,47844,12016,17875,22,20,27,40,1751,1751,73,71,0.25104,0.37361,572.5552611,1256.637061,0_0_equated,1,b2,1_equated,,,,,,,,,,,,,,,,,,,,,,,,,,,,,,,,,,,,,,,,,,,,,,,,,,,,,,,,,,,,,,,,,,,,,,,,,,,,,,,,,,,,,,,,,,,,,,,,,,,,,,,,,,,,,,,,,,,,,,,,,,,,,,,,,,,,,,,,,,,,,,,,,,,,,,,,,,,,,,,,,,,,,,,,,,,,,,,,,,,,,,,,,,,,,,,,,,,,,,,,,,,,,,,
,,,,,,,,,,,,,,,,space,0.4492,0,s,0,6.3521,,,,,,,,Age3_test2_rect.png,3,,l,l,2,3,,,equated,equated,0,0,right,74800,3300,9900,0,1,0,,,,EarlyLearningLab02,15,10,2021,3 or younger,EarlyLearningLab02,English,no,2025-04-17_16h17.58.837,manynumbers_ams_visualmemory_v2025.0301B_UCSD,2022.2.5,MacIntel,60.24096386,,,,,,,,,,11,33,,,,,,,,,0,5,5,10,1,11,33,74828,74793,3300,9900,65,28,19,19,668,2007,118,100,0.044101,0.13237,283.528737,283.528737,equated_0_0,3,b2,3_equated,,,,,,,,,,,,,,,,,,,,,,,,,,,,,,,,,,,,,,,,,,,,,,,,,,,,,,,,,,,,,,,,,,,,,,,,,,,,,,,,,,,,,,,,,,,,,,,,,,,,,,,,,,,,,,,,,,,,,,,,,,,,,,,,,,,,,,,,,,,,,,,,,,,,,,,,,,,,,,,,,,,,,,,,,,,,,,,,,,,,,,,,,,,,,,,,,,,,,,,,,,,,,,,
,,,,,,,,,,,,,,,,space,0.5827,0,s,1,4.7579,,,,,,,,Age3_test30_rect.png,3,,a,s,30,1.5,,,0,0,equated,0,left,0,4357,4357,0,1,1,,,,EarlyLearningLab02,15,10,2021,3 or younger,EarlyLearningLab02,English,no,2025-04-17_16h17.58.837,manynumbers_ams_visualmemory_v2025.0301B_UCSD,2022.2.5,MacIntel,60.24096386,,,,,,,,,,14,21,,,,,,,,,0,6,6,0,1,21,14,162000,132000,4357,4357,71,78,16,20,1062,867,179,164,0.026833,0.033121,201.0619298,314.1592654,0_equated_0,2,b2,2_0,,,,,,,,,,,,,,,,,,,,,,,,,,,,,,,,,,,,,,,,,,,,,,,,,,,,,,,,,,,,,,,,,,,,,,,,,,,,,,,,,,,,,,,,,,,,,,,,,,,,,,,,,,,,,,,,,,,,,,,,,,,,,,,,,,,,,,,,,,,,,,,,,,,,,,,,,,,,,,,,,,,,,,,,,,,,,,,,,,,,,,,,,,,,,,,,,,,,,,,,,,,,,,,
,,,,,,,,,,,,,,,,space,0.3761,0,s,1,3.0421,,,,,,,,Age3_test22_rect.png,3,,a,s,22,2.5,,,0,0,equated,0,left,0,8133,8133,0,1,1,,,,EarlyLearningLab02,15,10,2021,3 or younger,EarlyLearningLab02,English,no,2025-04-17_16h17.58.837,manynumbers_ams_visualmemory_v2025.0301B_UCSD,2022.2.5,MacIntel,60.24096386,,,,,,,,,,12,30,,,,,,,,,0,7,7,3,1,30,12,183000,156000,8133,8133,61,101,18,29,1730,1092,159,164,0.044509,0.052118,254.4690049,660.5198554,0_equated_0,2,b2,2_0,,,,,,,,,,,,,,,,,,,,,,,,,,,,,,,,,,,,,,,,,,,,,,,,,,,,,,,,,,,,,,,,,,,,,,,,,,,,,,,,,,,,,,,,,,,,,,,,,,,,,,,,,,,,,,,,,,,,,,,,,,,,,,,,,,,,,,,,,,,,,,,,,,,,,,,,,,,,,,,,,,,,,,,,,,,,,,,,,,,,,,,,,,,,,,,,,,,,,,,,,,,,,,,
,,,,,,,,,,,,,,,,space,0.3698,1,l,0,2.4023,,,,,,,,Age3_test36_rect.png,3,,a,s,36,3,,,0,0,0,equated,left,0,0,0,1835,2,1,,,,EarlyLearningLab02,15,10,2021,3 or younger,EarlyLearningLab02,English,no,2025-04-17_16h17.58.837,manynumbers_ams_visualmemory_v2025.0301B_UCSD,2022.2.5,MacIntel,60.24096386,,,,,,,,,,13,39,,,,,,,,,0,8,8,7,1,39,13,204000,203000,7136,21253,48,82,15,45,1835,1835,173,197,0.035031,0.10469,176.7145868,1590.431281,0_0_equated,1,b2,1_0,,,,,,,,,,,,,,,,,,,,,,,,,,,,,,,,,,,,,,,,,,,,,,,,,,,,,,,,,,,,,,,,,,,,,,,,,,,,,,,,,,,,,,,,,,,,,,,,,,,,,,,,,,,,,,,,,,,,,,,,,,,,,,,,,,,,,,,,,,,,,,,,,,,,,,,,,,,,,,,,,,,,,,,,,,,,,,,,,,,,,,,,,,,,,,,,,,,,,,,,,,,,,,,
,,,,,,,,,,,,,,,,space,0.3084,0,s,1,1.778,,,,,,,,Age3_test28_rect.png,3,,a,s,28,2,,,equated,0,equated,0,left,156224,3723,3723,0,1,1,,,,EarlyLearningLab02,15,10,2021,3 or younger,EarlyLearningLab02,English,no,2025-04-17_16h17.58.837,manynumbers_ams_visualmemory_v2025.0301B_UCSD,2022.2.5,MacIntel,60.24096386,,,,,,,,,,20,40,,,,,,,,,0,9,9,5,1,40,20,156000,156000,3723,3723,50,71,11,15,1352,957,163,164,0.02382,0.023836,95.03317777,176.7145868,0_equated_0,2,b2,2_equated,,,,,,,,,,,,,,,,,,,,,,,,,,,,,,,,,,,,,,,,,,,,,,,,,,,,,,,,,,,,,,,,,,,,,,,,,,,,,,,,,,,,,,,,,,,,,,,,,,,,,,,,,,,,,,,,,,,,,,,,,,,,,,,,,,,,,,,,,,,,,,,,,,,,,,,,,,,,,,,,,,,,,,,,,,,,,,,,,,,,,,,,,,,,,,,,,,,,,,,,,,,,,,,
,,,,,,,,,,,,,,,,space,0.2768,1,l,1,1.3162,,,,,,,,Age3_test16_rect.png,3,,l,l,16,1.5,,,0,equated,0,0,right,0,7800,11700,0,1,0,,,,EarlyLearningLab02,15,10,2021,3 or younger,EarlyLearningLab02,English,no,2025-04-17_16h17.58.837,manynumbers_ams_visualmemory_v2025.0301B_UCSD,2022.2.5,MacIntel,60.24096386,,,,,,,,,,26,39,,,,,,,,,0,10,10,15,1,26,39,183000,186000,7800,11700,64,44,19,19,1580,2365,178,179,0.042629,0.06296,283.528737,283.528737,equated_0_0,3,b2,3_0,,,,,,,,,,,,,,,,,,,,,,,,,,,,,,,,,,,,,,,,,,,,,,,,,,,,,,,,,,,,,,,,,,,,,,,,,,,,,,,,,,,,,,,,,,,,,,,,,,,,,,,,,,,,,,,,,,,,,,,,,,,,,,,,,,,,,,,,,,,,,,,,,,,,,,,,,,,,,,,,,,,,,,,,,,,,,,,,,,,,,,,,,,,,,,,,,,,,,,,,,,,,,,,
,,,,,,,,,,,,,,,,space,0.2817,0,s,0,1.7348,,,,,,,,Age3_test10_rect.png,3,,l,l,10,2,,,equated,equated,0,0,right,92908,3900,7800,0,1,0,,,,EarlyLearningLab02,15,10,2021,3 or younger,EarlyLearningLab02,English,no,2025-04-17_16h17.58.837,manynumbers_ams_visualmemory_v2025.0301B_UCSD,2022.2.5,MacIntel,60.24096386,,,,,,,,,,13,26,,,,,,,,,0,11,11,8,1,13,26,92872,92879,3900,7800,64,40,19,19,789,1578,136,116,0.041993,0.08398,283.528737,283.528737,equated_0_0,3,b2,3_equated,,,,,,,,,,,,,,,,,,,,,,,,,,,,,,,,,,,,,,,,,,,,,,,,,,,,,,,,,,,,,,,,,,,,,,,,,,,,,,,,,,,,,,,,,,,,,,,,,,,,,,,,,,,,,,,,,,,,,,,,,,,,,,,,,,,,,,,,,,,,,,,,,,,,,,,,,,,,,,,,,,,,,,,,,,,,,,,,,,,,,,,,,,,,,,,,,,,,,,,,,,,,,,,
,,,,,,,,,,,,,,,,space,0.2663,0,s,0,8.9114,,,,,,,,Age3_test39_rect.png,3,,l,l,39,2.5,,,0,0,0,equated,right,0,0,0,1931,2,0,,,,EarlyLearningLab02,15,10,2021,3 or younger,EarlyLearningLab02,English,no,2025-04-17_16h17.58.837,manynumbers_ams_visualmemory_v2025.0301B_UCSD,2022.2.5,MacIntel,60.24096386,,,,,,,,,,14,35,,,,,,,,,0,12,12,11,1,14,35,187000,194000,21696,8705,72,45,44,18,1931,1931,181,171,0.11624,0.044812,1520.530844,254.4690049,0_0_equated,1,b2,1_0,,,,,,,,,,,,,,,,,,,,,,,,,,,,,,,,,,,,,,,,,,,,,,,,,,,,,,,,,,,,,,,,,,,,,,,,,,,,,,,,,,,,,,,,,,,,,,,,,,,,,,,,,,,,,,,,,,,,,,,,,,,,,,,,,,,,,,,,,,,,,,,,,,,,,,,,,,,,,,,,,,,,,,,,,,,,,,,,,,,,,,,,,,,,,,,,,,,,,,,,,,,,,,,
,,,,,,,,,,,,,,,,space,0.5257,1,l,1,2.8755,,,,,,,,Age3_test14_rect.png,3,,l,l,14,1.5,,,equated,equated,0,0,right,112939,4200,6300,0,1,0,,,,EarlyLearningLab02,15,10,2021,3 or younger,EarlyLearningLab02,English,no,2025-04-17_16h17.58.837,manynumbers_ams_visualmemory_v2025.0301B_UCSD,2022.2.5,MacIntel,60.24096386,,,,,,,,,,14,21,,,,,,,,,0,13,13,6,1,14,21,113000,113000,4200,6300,79,58,19,19,850,1281,150,127,0.037204,0.055806,283.528737,283.528737,equated_0_0,3,b2,3_equated,,,,,,,,,,,,,,,,,,,,,,,,,,,,,,,,,,,,,,,,,,,,,,,,,,,,,,,,,,,,,,,,,,,,,,,,,,,,,,,,,,,,,,,,,,,,,,,,,,,,,,,,,,,,,,,,,,,,,,,,,,,,,,,,,,,,,,,,,,,,,,,,,,,,,,,,,,,,,,,,,,,,,,,,,,,,,,,,,,,,,,,,,,,,,,,,,,,,,,,,,,,,,,,
,,,,,,,,,,,,,,,,space,0.301,0,s,1,2.0419,,,,,,,,Age3_test20_rect.png,3,,a,s,20,3,,,equated,0,equated,0,left,83470,8890,8890,0,1,1,,,,EarlyLearningLab02,15,10,2021,3 or younger,EarlyLearningLab02,English,no,2025-04-17_16h17.58.837,manynumbers_ams_visualmemory_v2025.0301B_UCSD,2022.2.5,MacIntel,60.24096386,,,,,,,,,,13,39,,,,,,,,,0,14,14,4,1,39,13,83464,83497,8890,8890,27,51,17,29,2061,1186,103,110,0.10651,0.10647,226.9800692,660.5198554,0_equated_0,2,b2,2_equated,,,,,,,,,,,,,,,,,,,,,,,,,,,,,,,,,,,,,,,,,,,,,,,,,,,,,,,,,,,,,,,,,,,,,,,,,,,,,,,,,,,,,,,,,,,,,,,,,,,,,,,,,,,,,,,,,,,,,,,,,,,,,,,,,,,,,,,,,,,,,,,,,,,,,,,,,,,,,,,,,,,,,,,,,,,,,,,,,,,,,,,,,,,,,,,,,,,,,,,,,,,,,,,
,,,,,,,,,,,,,,,,space,0.2655,1,l,0,1.2171,,,,,,,,Age3_test44_rect.png,3,,a,s,44,2,,,0,0,0,equated,left,0,0,0,1838,2,1,,,,EarlyLearningLab02,15,10,2021,3 or younger,EarlyLearningLab02,English,no,2025-04-17_16h17.58.837,manynumbers_ams_visualmemory_v2025.0301B_UCSD,2022.2.5,MacIntel,60.24096386,,,,,,,,,,20,40,,,,,,,,,0,15,15,9,1,40,20,218000,182000,6897,13732,51,61,15,29,1838,1838,206,186,0.031639,0.075294,176.7145868,660.5198554,0_0_equated,1,b2,1_0,,,,,,,,,,,,,,,,,,,,,,,,,,,,,,,,,,,,,,,,,,,,,,,,,,,,,,,,,,,,,,,,,,,,,,,,,,,,,,,,,,,,,,,,,,,,,,,,,,,,,,,,,,,,,,,,,,,,,,,,,,,,,,,,,,,,,,,,,,,,,,,,,,,,,,,,,,,,,,,,,,,,,,,,,,,,,,,,,,,,,,,,,,,,,,,,,,,,,,,,,,,,,,,
,,,,,,,,,,,,,,,,space,1.1645,0,s,1,2.0606,,,,,,,,Age3_test9_rect.png,3,,a,s,9,2,,,equated,equated,0,0,left,152522,3000,6000,0,1,1,,,,EarlyLearningLab02,15,10,2021,3 or younger,EarlyLearningLab02,English,no,2025-04-17_16h17.58.837,manynumbers_ams_visualmemory_v2025.0301B_UCSD,2022.2.5,MacIntel,60.24096386,,,,,,,,,,10,20,,,,,,,,,,,,,,20,10,152000,153000,6000,3000,72,131,19,19,1210,606,158,183,0.039355,0.019661,283.528737,283.528737,equated_0_0,3,b1,3_equated,space,1.662,0,0,0,7,1,,,,,,,,,,,,,,,,,,,,,,,,,,,,,,,,,,,,,,,,,,,,,,,,,,,,,,,,,,,,,,,,,,,,,,,,,,,,,,,,,,,,,,,,,,,,,,,,,,,,,,,,,,,,,,,,,,,,,,,,,,,,,,,,,,,,,,,,,,,,,,,,,,,,,,,,,,,,,,,,,,,,,,,,,,,,,,,,,,,,,,,,,,,,,,,,,,,,,,,,
,,,,,,,,,,,,,,,,space,0.2663,1,l,1,2.0771,,,,,,,,Age3_test45_rect.png,3,,l,l,45,1.5,,,equated,0,0,equated,right,42928,0,0,1563,2,0,,,,EarlyLearningLab02,15,10,2021,3 or younger,EarlyLearningLab02,English,no,2025-04-17_16h17.58.837,manynumbers_ams_visualmemory_v2025.0301B_UCSD,2022.2.5,MacIntel,60.24096386,,,,,,,,,,10,15,,,,,,,,,,,,,,10,15,42925,42934,19862,13476,28,22,50,33,1563,1563,54,65,0.46271,0.31388,1963.495408,855.2985999,0_0_equated,1,b1,1_equated,,,0,1,1,15,1,,,,,,,,,,,,,,,,,,,,,,,,,,,,,,,,,,,,,,,,,,,,,,,,,,,,,,,,,,,,,,,,,,,,,,,,,,,,,,,,,,,,,,,,,,,,,,,,,,,,,,,,,,,,,,,,,,,,,,,,,,,,,,,,,,,,,,,,,,,,,,,,,,,,,,,,,,,,,,,,,,,,,,,,,,,,,,,,,,,,,,,,,,,,,,,,,,,,,,,,
,,,,,,,,,,,,,,,,space,0.2593,0,s,1,1.9851,,,,,,,,Age3_test34_rect.png,3,,a,s,34,3,,,equated,0,0,equated,left,118238,0,0,1877,2,1,,,,EarlyLearningLab02,15,10,2021,3 or younger,EarlyLearningLab02,English,no,2025-04-17_16h17.58.837,manynumbers_ams_visualmemory_v2025.0301B_UCSD,2022.2.5,MacIntel,60.24096386,,,,,,,,,,11,33,,,,,,,,,,,,,,33,11,118000,118000,8680,26182,36,57,18,54,1877,1877,132,119,0.073404,0.22154,254.4690049,2290.221044,0_0_equated,1,b1,1_equated,,,0,2,2,13,1,,,,,,,,,,,,,,,,,,,,,,,,,,,,,,,,,,,,,,,,,,,,,,,,,,,,,,,,,,,,,,,,,,,,,,,,,,,,,,,,,,,,,,,,,,,,,,,,,,,,,,,,,,,,,,,,,,,,,,,,,,,,,,,,,,,,,,,,,,,,,,,,,,,,,,,,,,,,,,,,,,,,,,,,,,,,,,,,,,,,,,,,,,,,,,,,,,,,,,,,
,,,,,,,,,,,,,,,,space,0.2428,1,l,1,1.1839,,,,,,,,Age3_test47_rect.png,3,,l,l,47,1.5,,,0,0,0,equated,right,0,0,0,1511,2,0,,,,EarlyLearningLab02,15,10,2021,3 or younger,EarlyLearningLab02,English,no,2025-04-17_16h17.58.837,manynumbers_ams_visualmemory_v2025.0301B_UCSD,2022.2.5,MacIntel,60.24096386,,,,,,,,,,22,33,,,,,,,,,,,,,,22,33,195000,205000,8438,5681,80,63,22,15,1511,1511,165,192,0.043254,0.027701,380.1327111,176.7145868,0_0_equated,1,b1,1_0,,,0,3,3,4,1,,,,,,,,,,,,,,,,,,,,,,,,,,,,,,,,,,,,,,,,,,,,,,,,,,,,,,,,,,,,,,,,,,,,,,,,,,,,,,,,,,,,,,,,,,,,,,,,,,,,,,,,,,,,,,,,,,,,,,,,,,,,,,,,,,,,,,,,,,,,,,,,,,,,,,,,,,,,,,,,,,,,,,,,,,,,,,,,,,,,,,,,,,,,,,,,,,,,,,,,
,,,,,,,,,,,,,,,,space,0.2426,0,s,1,1.8848,,,,,,,,Age3_test32_rect.png,3,,a,s,32,1.5,,,equated,0,equated,0,left,86189,6498,6498,0,1,1,,,,EarlyLearningLab02,15,10,2021,3 or younger,EarlyLearningLab02,English,no,2025-04-17_16h17.58.837,manynumbers_ams_visualmemory_v2025.0301B_UCSD,2022.2.5,MacIntel,60.24096386,,,,,,,,,,26,39,,,,,,,,,,,,,,39,26,86151,86165,6498,6498,30,37,14,18,1769,1440,104,122,0.075426,0.075413,153.93804,254.4690049,0_equated_0,2,b1,2_equated,,,0,4,4,3,1,,,,,,,,,,,,,,,,,,,,,,,,,,,,,,,,,,,,,,,,,,,,,,,,,,,,,,,,,,,,,,,,,,,,,,,,,,,,,,,,,,,,,,,,,,,,,,,,,,,,,,,,,,,,,,,,,,,,,,,,,,,,,,,,,,,,,,,,,,,,,,,,,,,,,,,,,,,,,,,,,,,,,,,,,,,,,,,,,,,,,,,,,,,,,,,,,,,,,,,,
,,,,,,,,,,,,,,,,space,0.2403,1,l,0,1.6013,,,,,,,,Age3_test26_rect.png,3,,a,s,26,2,,,0,0,equated,0,left,0,5569,5569,0,1,1,,,,EarlyLearningLab02,15,10,2021,3 or younger,EarlyLearningLab02,English,no,2025-04-17_16h17.58.837,manynumbers_ams_visualmemory_v2025.0301B_UCSD,2022.2.5,MacIntel,60.24096386,,,,,,,,,,13,26,,,,,,,,,,,,,,26,13,189000,163000,5569,5569,56,94,16,23,1337,944,194,196,0.029445,0.034203,201.0619298,415.4756284,0_equated_0,2,b1,2_0,,,0,5,5,1,1,,,,,,,,,,,,,,,,,,,,,,,,,,,,,,,,,,,,,,,,,,,,,,,,,,,,,,,,,,,,,,,,,,,,,,,,,,,,,,,,,,,,,,,,,,,,,,,,,,,,,,,,,,,,,,,,,,,,,,,,,,,,,,,,,,,,,,,,,,,,,,,,,,,,,,,,,,,,,,,,,,,,,,,,,,,,,,,,,,,,,,,,,,,,,,,,,,,,,,,,
,,,,,,,,,,,,,,,,space,0.2702,0,s,1,1.4764,,,,,,,,Age3_test40_rect.png,3,,a,s,40,2.5,,,0,0,0,equated,left,0,0,0,1512,2,1,,,,EarlyLearningLab02,15,10,2021,3 or younger,EarlyLearningLab02,English,no,2025-04-17_16h17.58.837,manynumbers_ams_visualmemory_v2025.0301B_UCSD,2022.2.5,MacIntel,60.24096386,,,,,,,,,,16,40,,,,,,,,,,,,,,40,16,199000,207000,4702,11780,58,86,12,30,1512,1512,190,201,0.023607,0.056887,113.0973355,706.8583471,0_0_equated,1,b1,1_0,,,0,6,6,5,1,,,,,,,,,,,,,,,,,,,,,,,,,,,,,,,,,,,,,,,,,,,,,,,,,,,,,,,,,,,,,,,,,,,,,,,,,,,,,,,,,,,,,,,,,,,,,,,,,,,,,,,,,,,,,,,,,,,,,,,,,,,,,,,,,,,,,,,,,,,,,,,,,,,,,,,,,,,,,,,,,,,,,,,,,,,,,,,,,,,,,,,,,,,,,,,,,,,,,,,,
,,,,,,,,,,,,,,,,space,0.2517,1,l,1,2.1357,,,,,,,,Age3_test35_rect.png,3,,l,l,35,3,,,0,0,0,equated,right,0,0,0,1999,2,0,,,,EarlyLearningLab02,15,10,2021,3 or younger,EarlyLearningLab02,English,no,2025-04-17_16h17.58.837,manynumbers_ams_visualmemory_v2025.0301B_UCSD,2022.2.5,MacIntel,60.24096386,,,,,,,,,,12,36,,,,,,,,,,,,,,12,36,204000,192000,27086,9094,77,49,53,18,1999,1999,174,184,0.13266,0.047275,2206.183441,254.4690049,0_0_equated,1,b1,1_0,,,0,7,7,8,1,,,,,,,,,,,,,,,,,,,,,,,,,,,,,,,,,,,,,,,,,,,,,,,,,,,,,,,,,,,,,,,,,,,,,,,,,,,,,,,,,,,,,,,,,,,,,,,,,,,,,,,,,,,,,,,,,,,,,,,,,,,,,,,,,,,,,,,,,,,,,,,,,,,,,,,,,,,,,,,,,,,,,,,,,,,,,,,,,,,,,,,,,,,,,,,,,,,,,,,,
,,,,,,,,,,,,,,,,space,0.2421,0,s,1,1.8028,,,,,,,,Age3_test3_rect.png,3,,a,s,3,3,,,0,equated,0,0,left,0,3600,10800,0,1,1,,,,EarlyLearningLab02,15,10,2021,3 or younger,EarlyLearningLab02,English,no,2025-04-17_16h17.58.837,manynumbers_ams_visualmemory_v2025.0301B_UCSD,2022.2.5,MacIntel,60.24096386,,,,,,,,,,12,36,,,,,,,,,,,,,,36,12,199000,141000,10800,3600,53,97,19,19,2187,734,185,177,0.054346,0.025618,283.528737,283.528737,equated_0_0,3,b1,3_0,,,0,8,8,10,1,,,,,,,,,,,,,,,,,,,,,,,,,,,,,,,,,,,,,,,,,,,,,,,,,,,,,,,,,,,,,,,,,,,,,,,,,,,,,,,,,,,,,,,,,,,,,,,,,,,,,,,,,,,,,,,,,,,,,,,,,,,,,,,,,,,,,,,,,,,,,,,,,,,,,,,,,,,,,,,,,,,,,,,,,,,,,,,,,,,,,,,,,,,,,,,,,,,,,,,,
,,,,,,,,,,,,,,,,space,0.232,1,l,0,2.4516,,,,,,,,Age3_test24_rect.png,3,,a,s,24,2.5,,,equated,0,equated,0,left,140085,5258,5258,0,1,1,,,,EarlyLearningLab02,15,10,2021,3 or younger,EarlyLearningLab02,English,no,2025-04-17_16h17.58.837,manynumbers_ams_visualmemory_v2025.0301B_UCSD,2022.2.5,MacIntel,60.24096386,,,,,,,,,,16,40,,,,,,,,,,,,,,40,16,140000,140000,5258,5258,47,78,13,20,1609,1019,150,159,0.037528,0.037535,132.7322896,314.1592654,0_equated_0,2,b1,2_equated,,,0,9,9,0,1,,,,,,,,,,,,,,,,,,,,,,,,,,,,,,,,,,,,,,,,,,,,,,,,,,,,,,,,,,,,,,,,,,,,,,,,,,,,,,,,,,,,,,,,,,,,,,,,,,,,,,,,,,,,,,,,,,,,,,,,,,,,,,,,,,,,,,,,,,,,,,,,,,,,,,,,,,,,,,,,,,,,,,,,,,,,,,,,,,,,,,,,,,,,,,,,,,,,,,,,
,,,,,,,,,,,,,,,,space,0.2766,0,s,0,1.6925,,,,,,,,Age3_test19_rect.png,3,,l,l,19,3,,,equated,0,equated,0,right,146656,5764,5764,0,1,0,,,,EarlyLearningLab02,15,10,2021,3 or younger,EarlyLearningLab02,English,no,2025-04-17_16h17.58.837,manynumbers_ams_visualmemory_v2025.0301B_UCSD,2022.2.5,MacIntel,60.24096386,,,,,,,,,,12,36,,,,,,,,,,,,,,12,36,147000,147000,5764,5764,85,50,25,14,927,1593,184,148,0.039283,0.039307,490.8738521,153.93804,0_equated_0,2,b1,2_equated,,,0,10,10,2,1,,,,,,,,,,,,,,,,,,,,,,,,,,,,,,,,,,,,,,,,,,,,,,,,,,,,,,,,,,,,,,,,,,,,,,,,,,,,,,,,,,,,,,,,,,,,,,,,,,,,,,,,,,,,,,,,,,,,,,,,,,,,,,,,,,,,,,,,,,,,,,,,,,,,,,,,,,,,,,,,,,,,,,,,,,,,,,,,,,,,,,,,,,,,,,,,,,,,,,,,
,,,,,,,,,,,,,,,,space,0.2669,1,l,0,4.5006,,,,,,,,Age3_test15_rect.png,3,,a,s,15,1.5,,,0,equated,0,0,left,0,6600,9900,0,1,1,,,,EarlyLearningLab02,15,10,2021,3 or younger,EarlyLearningLab02,English,no,2025-04-17_16h17.58.837,manynumbers_ams_visualmemory_v2025.0301B_UCSD,2022.2.5,MacIntel,60.24096386,,,,,,,,,,22,33,,,,,,,,,,,,,,33,22,194000,190000,9900,6600,57,73,19,19,2003,1328,170,170,0.050945,0.034756,283.528737,283.528737,equated_0_0,3,b1,3_0,,,0,11,11,11,1,,,,,,,,,,,,,,,,,,,,,,,,,,,,,,,,,,,,,,,,,,,,,,,,,,,,,,,,,,,,,,,,,,,,,,,,,,,,,,,,,,,,,,,,,,,,,,,,,,,,,,,,,,,,,,,,,,,,,,,,,,,,,,,,,,,,,,,,,,,,,,,,,,,,,,,,,,,,,,,,,,,,,,,,,,,,,,,,,,,,,,,,,,,,,,,,,,,,,,,,
,,,,,,,,,,,,,,,,space,0.2662,0,s,0,2.3044,,,,,,,,Age3_test12_rect.png,3,,l,l,12,2,,,0,equated,0,0,right,0,6000,12000,0,1,0,,,,EarlyLearningLab02,15,10,2021,3 or younger,EarlyLearningLab02,English,no,2025-04-17_16h17.58.837,manynumbers_ams_visualmemory_v2025.0301B_UCSD,2022.2.5,MacIntel,60.24096386,,,,,,,,,,20,40,,,,,,,,,,,,,,20,40,172000,218000,6000,12000,81,53,19,19,1218,2430,175,180,0.034857,0.055041,283.528737,283.528737,equated_0_0,3,b1,3_0,,,0,12,12,12,1,,,,,,,,,,,,,,,,,,,,,,,,,,,,,,,,,,,,,,,,,,,,,,,,,,,,,,,,,,,,,,,,,,,,,,,,,,,,,,,,,,,,,,,,,,,,,,,,,,,,,,,,,,,,,,,,,,,,,,,,,,,,,,,,,,,,,,,,,,,,,,,,,,,,,,,,,,,,,,,,,,,,,,,,,,,,,,,,,,,,,,,,,,,,,,,,,,,,,,,,
,,,,,,,,,,,,,,,,space,0.3593,1,l,1,4.0593,,,,,,,,Age3_test8_rect.png,3,,l,l,8,2.5,,,0,equated,0,0,right,0,4800,12000,0,1,0,,,,EarlyLearningLab02,15,10,2021,3 or younger,EarlyLearningLab02,English,no,2025-04-17_16h17.58.837,manynumbers_ams_visualmemory_v2025.0301B_UCSD,2022.2.5,MacIntel,60.24096386,,,,,,,,,,16,40,,,,,,,,,,,,,,16,40,180000,196000,4800,12000,89,45,19,19,967,2421,179,176,0.026727,0.061347,283.528737,283.528737,equated_0_0,3,b1,3_0,,,0,13,13,14,1,,,,,,,,,,,,,,,,,,,,,,,,,,,,,,,,,,,,,,,,,,,,,,,,,,,,,,,,,,,,,,,,,,,,,,,,,,,,,,,,,,,,,,,,,,,,,,,,,,,,,,,,,,,,,,,,,,,,,,,,,,,,,,,,,,,,,,,,,,,,,,,,,,,,,,,,,,,,,,,,,,,,,,,,,,,,,,,,,,,,,,,,,,,,,,,,,,,,,,,,
,,,,,,,,,,,,,,,,space,0.2181,0,s,0,2.4029,,,,,,,,Age3_test41_rect.png,3,,l,l,41,2,,,equated,0,0,equated,right,66066,0,0,1700,2,0,,,,EarlyLearningLab02,15,10,2021,3 or younger,EarlyLearningLab02,English,no,2025-04-17_16h17.58.837,manynumbers_ams_visualmemory_v2025.0301B_UCSD,2022.2.5,MacIntel,60.24096386,,,,,,,,,,10,20,,,,,,,,,,,,,,10,20,66052,66037,23551,11866,25,28,54,27,1700,1700,74,98,0.35655,0.17969,2290.221044,572.5552611,0_0_equated,1,b1,1_equated,,,0,14,14,9,1,,,,,,,,,,,,,,,,,,,,,,,,,,,,,,,,,,,,,,,,,,,,,,,,,,,,,,,,,,,,,,,,,,,,,,,,,,,,,,,,,,,,,,,,,,,,,,,,,,,,,,,,,,,,,,,,,,,,,,,,,,,,,,,,,,,,,,,,,,,,,,,,,,,,,,,,,,,,,,,,,,,,,,,,,,,,,,,,,,,,,,,,,,,,,,,,,,,,,,,,
,,,,,,,,,,,,,,,,space,0.2509,1,l,1,1.145,,,,,,,,Age3_test6_rect.png,3,,l,l,6,2.5,,,equated,equated,0,0,right,114665,3600,9000,0,1,0,,,,EarlyLearningLab02,15,10,2021,3 or younger,EarlyLearningLab02,English,no,2025-04-17_16h17.58.837,manynumbers_ams_visualmemory_v2025.0301B_UCSD,2022.2.5,MacIntel,60.24096386,,,,,,,,,,12,30,,,,,,,,,,,,,,12,30,115000,115000,3600,9000,100,38,19,19,728,1812,146,131,0.031405,0.078512,283.528737,283.528737,equated_0_0,3,b1,3_equated,,,0,15,15,6,1,,,,,,,,,,,,,,,,,,,,,,,,,,,,,,,,,,,,,,,,,,,,,,,,,,,,,,,,,,,,,,,,,,,,,,,,,,,,,,,,,,,,,,,,,,,,,,,,,,,,,,,,,,,,,,,,,,,,,,,,,,,,,,,,,,,,,,,,,,,,,,,,,,,,,,,,,,,,,,,,,,,,,,,,,,,,,,,,,,,,,,,,,,,,,,,,,,,,,,,,
,,,,,,,,,,,,,,,,space,1.9406,0,s,0,4.6165,,,,,,,,Age3_test4_rect.png,3,,l,l,4,3,,,0,equated,0,0,right,0,3900,11700,0,1,0,,,,EarlyLearningLab02,15,10,2021,3 or younger,EarlyLearningLab02,English,no,2025-04-17_16h17.58.837,manynumbers_ams_visualmemory_v2025.0301B_UCSD,2022.2.5,MacIntel,60.24096386,,,,,,,,,,13,39,,,,,,,,,,,,,,13,39,178000,216000,3900,11700,103,48,19,19,790,2362,197,186,0.021869,0.054277,283.528737,283.528737,equated_0_0,3,b3,3_0,,,,,,,,space,0.1303,0,0,0,14,1,,,,,,,,,,,,,,,,,,,,,,,,,,,,,,,,,,,,,,,,,,,,,,,,,,,,,,,,,,,,,,,,,,,,,,,,,,,,,,,,,,,,,,,,,,,,,,,,,,,,,,,,,,,,,,,,,,,,,,,,,,,,,,,,,,,,,,,,,,,,,,,,,,,,,,,,,,,,,,,,,,,,,,,,,,,,,,,,,,,,,,,,,,,,,,,,,
,,,,,,,,,,,,,,,,space,0.2426,1,l,0,2.8003,,,,,,,,Age3_test18_rect.png,3,,a,s,18,3,,,0,0,equated,0,left,0,5213,5213,0,1,1,,,,EarlyLearningLab02,15,10,2021,3 or younger,EarlyLearningLab02,English,no,2025-04-17_16h17.58.837,manynumbers_ams_visualmemory_v2025.0301B_UCSD,2022.2.5,MacIntel,60.24096386,,,,,,,,,,11,33,,,,,,,,,,,,,,33,11,196000,130000,5213,5213,61,95,14,24,1445,837,194,148,0.026618,0.040015,153.93804,452.3893421,0_equated_0,2,b3,2_0,,,,,,,,,,0,1,1,1,1,,,,,,,,,,,,,,,,,,,,,,,,,,,,,,,,,,,,,,,,,,,,,,,,,,,,,,,,,,,,,,,,,,,,,,,,,,,,,,,,,,,,,,,,,,,,,,,,,,,,,,,,,,,,,,,,,,,,,,,,,,,,,,,,,,,,,,,,,,,,,,,,,,,,,,,,,,,,,,,,,,,,,,,,,,,,,,,,,,,,,,,,,,,,,,,,,
,,,,,,,,,,,,,,,,space,0.2594,1,l,0,6.1181,,,,,,,,Age3_test11_rect.png,3,,a,s,11,2,,,0,equated,0,0,left,0,5100,10200,0,1,1,,,,EarlyLearningLab02,15,10,2021,3 or younger,EarlyLearningLab02,English,no,2025-04-17_16h17.58.837,manynumbers_ams_visualmemory_v2025.0301B_UCSD,2022.2.5,MacIntel,60.24096386,,,,,,,,,,17,34,,,,,,,,,,,,,,34,17,214000,167000,10200,5100,59,84,19,19,2060,1033,175,177,0.047664,0.030456,283.528737,283.528737,equated_0_0,3,b3,3_0,,,,,,,,,,0,2,2,11,1,,,,,,,,,,,,,,,,,,,,,,,,,,,,,,,,,,,,,,,,,,,,,,,,,,,,,,,,,,,,,,,,,,,,,,,,,,,,,,,,,,,,,,,,,,,,,,,,,,,,,,,,,,,,,,,,,,,,,,,,,,,,,,,,,,,,,,,,,,,,,,,,,,,,,,,,,,,,,,,,,,,,,,,,,,,,,,,,,,,,,,,,,,,,,,,,,
,,,,,,,,,,,,,,,,space,0.4371,1,l,0,4.5829,,,,,,,,Age3_test42_rect.png,3,,a,s,42,2,,,equated,0,0,equated,left,95667,0,0,1584,2,1,,,,EarlyLearningLab02,15,10,2021,3 or younger,EarlyLearningLab02,English,no,2025-04-17_16h17.58.837,manynumbers_ams_visualmemory_v2025.0301B_UCSD,2022.2.5,MacIntel,60.24096386,,,,,,,,,,13,26,,,,,,,,,,,,,,26,13,95709,95636,7904,15531,42,58,19,39,1584,1584,115,116,0.082584,0.1624,283.528737,1194.590607,0_0_equated,1,b3,1_equated,,,,,,,,,,0,3,3,15,1,,,,,,,,,,,,,,,,,,,,,,,,,,,,,,,,,,,,,,,,,,,,,,,,,,,,,,,,,,,,,,,,,,,,,,,,,,,,,,,,,,,,,,,,,,,,,,,,,,,,,,,,,,,,,,,,,,,,,,,,,,,,,,,,,,,,,,,,,,,,,,,,,,,,,,,,,,,,,,,,,,,,,,,,,,,,,,,,,,,,,,,,,,,,,,,,,
,,,,,,,,,,,,,,,,space,0.4103,1,l,0,3.1506,,,,,,,,Age3_test1_rect.png,3,,a,s,1,3,,,equated,equated,0,0,left,154356,3000,9000,0,1,1,,,,EarlyLearningLab02,15,10,2021,3 or younger,EarlyLearningLab02,English,no,2025-04-17_16h17.58.837,manynumbers_ams_visualmemory_v2025.0301B_UCSD,2022.2.5,MacIntel,60.24096386,,,,,,,,,,10,30,,,,,,,,,,,,,,30,10,154000,154000,9000,3000,51,123,19,19,1821,608,159,191,0.058297,0.019439,283.528737,283.528737,equated_0_0,3,b3,3_equated,,,,,,,,,,0,4,4,8,1,,,,,,,,,,,,,,,,,,,,,,,,,,,,,,,,,,,,,,,,,,,,,,,,,,,,,,,,,,,,,,,,,,,,,,,,,,,,,,,,,,,,,,,,,,,,,,,,,,,,,,,,,,,,,,,,,,,,,,,,,,,,,,,,,,,,,,,,,,,,,,,,,,,,,,,,,,,,,,,,,,,,,,,,,,,,,,,,,,,,,,,,,,,,,,,,,
,,,,,,,,,,,,,,,,space,0.4824,0,s,0,2.0201,,,,,,,,Age3_test21_rect.png,3,,l,l,21,2.5,,,0,0,equated,0,right,0,3938,3938,0,1,0,,,,EarlyLearningLab02,15,10,2021,3 or younger,EarlyLearningLab02,English,no,2025-04-17_16h17.58.837,manynumbers_ams_visualmemory_v2025.0301B_UCSD,2022.2.5,MacIntel,60.24096386,,,,,,,,,,10,25,,,,,,,,,,,,,,10,25,169000,175000,3938,3938,117,64,22,14,696,1097,214,178,0.023251,0.022464,380.1327111,153.93804,0_equated_0,2,b3,2_0,,,,,,,,,,0,5,5,0,1,,,,,,,,,,,,,,,,,,,,,,,,,,,,,,,,,,,,,,,,,,,,,,,,,,,,,,,,,,,,,,,,,,,,,,,,,,,,,,,,,,,,,,,,,,,,,,,,,,,,,,,,,,,,,,,,,,,,,,,,,,,,,,,,,,,,,,,,,,,,,,,,,,,,,,,,,,,,,,,,,,,,,,,,,,,,,,,,,,,,,,,,,,,,,,,,,
,,,,,,,,,,,,,,,,space,0.3837,1,l,1,1.7596,,,,,,,,Age3_test27_rect.png,3,,l,l,27,2,,,equated,0,equated,0,right,51920,5892,5892,0,1,0,,,,EarlyLearningLab02,15,10,2021,3 or younger,EarlyLearningLab02,English,no,2025-04-17_16h17.58.837,manynumbers_ams_visualmemory_v2025.0301B_UCSD,2022.2.5,MacIntel,60.24096386,,,,,,,,,,17,34,,,,,,,,,,,,,,17,34,51923,51924,5892,5892,43,22,21,15,1114,1572,88,83,0.11348,0.11347,346.3605901,176.7145868,0_equated_0,2,b3,2_equated,,,,,,,,,,0,6,6,3,1,,,,,,,,,,,,,,,,,,,,,,,,,,,,,,,,,,,,,,,,,,,,,,,,,,,,,,,,,,,,,,,,,,,,,,,,,,,,,,,,,,,,,,,,,,,,,,,,,,,,,,,,,,,,,,,,,,,,,,,,,,,,,,,,,,,,,,,,,,,,,,,,,,,,,,,,,,,,,,,,,,,,,,,,,,,,,,,,,,,,,,,,,,,,,,,,,
,,,,,,,,,,,,,,,,space,0.3275,1,l,0,10.1334,,,,,,,,Age3_test38_rect.png,3,,a,s,38,2.5,,,equated,0,0,equated,left,79752,0,0,1823,2,1,,,,EarlyLearningLab02,15,10,2021,3 or younger,EarlyLearningLab02,English,no,2025-04-17_16h17.58.837,manynumbers_ams_visualmemory_v2025.0301B_UCSD,2022.2.5,MacIntel,60.24096386,,,,,,,,,,12,30,,,,,,,,,,,,,,30,12,79784,79790,9154,22606,30,39,19,48,1823,1823,110,89,0.11473,0.28332,283.528737,1809.557368,0_0_equated,1,b3,1_equated,,,,,,,,,,0,7,7,13,1,,,,,,,,,,,,,,,,,,,,,,,,,,,,,,,,,,,,,,,,,,,,,,,,,,,,,,,,,,,,,,,,,,,,,,,,,,,,,,,,,,,,,,,,,,,,,,,,,,,,,,,,,,,,,,,,,,,,,,,,,,,,,,,,,,,,,,,,,,,,,,,,,,,,,,,,,,,,,,,,,,,,,,,,,,,,,,,,,,,,,,,,,,,,,,,,,
,,,,,,,,,,,,,,,,space,0.4261,1,l,0,8.7367,,,,,,,,Age3_test48_rect.png,3,,a,s,48,1.5,,,0,0,0,equated,left,0,0,0,1635,2,1,,,,EarlyLearningLab02,15,10,2021,3 or younger,EarlyLearningLab02,English,no,2025-04-17_16h17.58.837,manynumbers_ams_visualmemory_v2025.0301B_UCSD,2022.2.5,MacIntel,60.24096386,,,,,,,,,,26,39,,,,,,,,,,,,,,39,26,184000,180000,5592,8386,52,56,13,20,1635,1635,178,181,0.030424,0.046596,132.7322896,314.1592654,0_0_equated,1,b3,1_0,,,,,,,,,,0,8,8,6,1,,,,,,,,,,,,,,,,,,,,,,,,,,,,,,,,,,,,,,,,,,,,,,,,,,,,,,,,,,,,,,,,,,,,,,,,,,,,,,,,,,,,,,,,,,,,,,,,,,,,,,,,,,,,,,,,,,,,,,,,,,,,,,,,,,,,,,,,,,,,,,,,,,,,,,,,,,,,,,,,,,,,,,,,,,,,,,,,,,,,,,,,,,,,,,,,,
,,,,,,,,,,,,,,,,space,0.584,0,s,0,1.785,,,,,,,,Age3_test29_rect.png,3,,l,l,29,1.5,,,0,0,equated,0,right,0,6537,6537,0,1,0,,,,EarlyLearningLab02,15,10,2021,3 or younger,EarlyLearningLab02,English,no,2025-04-17_16h17.58.837,manynumbers_ams_visualmemory_v2025.0301B_UCSD,2022.2.5,MacIntel,60.24096386,,,,,,,,,,10,15,,,,,,,,,,,,,,10,15,128000,156000,6537,6537,87,72,29,23,899,1095,180,174,0.051191,0.041989,660.5198554,415.4756284,0_equated_0,2,b3,2_0,,,,,,,,,,0,9,9,5,1,,,,,,,,,,,,,,,,,,,,,,,,,,,,,,,,,,,,,,,,,,,,,,,,,,,,,,,,,,,,,,,,,,,,,,,,,,,,,,,,,,,,,,,,,,,,,,,,,,,,,,,,,,,,,,,,,,,,,,,,,,,,,,,,,,,,,,,,,,,,,,,,,,,,,,,,,,,,,,,,,,,,,,,,,,,,,,,,,,,,,,,,,,,,,,,,,
,,,,,,,,,,,,,,,,space,0.4083,1,l,1,5.8508,,,,,,,,Age3_test43_rect.png,3,,l,l,43,2,,,0,0,0,equated,right,0,0,0,1589,2,0,,,,EarlyLearningLab02,15,10,2021,3 or younger,EarlyLearningLab02,English,no,2025-04-17_16h17.58.837,manynumbers_ams_visualmemory_v2025.0301B_UCSD,2022.2.5,MacIntel,60.24096386,,,,,,,,,,17,34,,,,,,,,,,,,,,17,34,159000,194000,12209,6072,76,53,30,15,1589,1589,155,192,0.076835,0.031264,706.8583471,176.7145868,0_0_equated,1,b3,1_0,,,,,,,,,,0,10,10,9,1,,,,,,,,,,,,,,,,,,,,,,,,,,,,,,,,,,,,,,,,,,,,,,,,,,,,,,,,,,,,,,,,,,,,,,,,,,,,,,,,,,,,,,,,,,,,,,,,,,,,,,,,,,,,,,,,,,,,,,,,,,,,,,,,,,,,,,,,,,,,,,,,,,,,,,,,,,,,,,,,,,,,,,,,,,,,,,,,,,,,,,,,,,,,,,,,,
,,,,,,,,,,,,,,,,space,0.461,1,l,0,16.2269,,,,,,,,Age3_test13_rect.png,3,,a,s,13,1.5,,,equated,equated,0,0,left,143230,3000,4500,0,1,1,,,,EarlyLearningLab02,15,10,2021,3 or younger,EarlyLearningLab02,English,no,2025-04-17_16h17.58.837,manynumbers_ams_visualmemory_v2025.0301B_UCSD,2022.2.5,MacIntel,60.24096386,,,,,,,,,,10,15,,,,,,,,,,,,,,15,10,143000,143000,4500,3000,88,122,19,19,911,607,164,167,0.031411,0.020942,283.528737,283.528737,equated_0_0,3,b3,3_equated,,,,,,,,,,0,11,11,7,1,,,,,,,,,,,,,,,,,,,,,,,,,,,,,,,,,,,,,,,,,,,,,,,,,,,,,,,,,,,,,,,,,,,,,,,,,,,,,,,,,,,,,,,,,,,,,,,,,,,,,,,,,,,,,,,,,,,,,,,,,,,,,,,,,,,,,,,,,,,,,,,,,,,,,,,,,,,,,,,,,,,,,,,,,,,,,,,,,,,,,,,,,,,,,,,,,
,,,,,,,,,,,,,,,,space,0.3665,0,s,1,1.4765,,,,,,,,Age3_test7_rect.png,3,,a,s,7,2.5,,,0,equated,0,0,left,0,4200,10500,0,1,1,,,,EarlyLearningLab02,15,10,2021,3 or younger,EarlyLearningLab02,English,no,2025-04-17_16h17.58.837,manynumbers_ams_visualmemory_v2025.0301B_UCSD,2022.2.5,MacIntel,60.24096386,,,,,,,,,,14,35,,,,,,,,,,,,,,35,14,182000,134000,10500,4200,46,85,19,19,2124,852,184,164,0.05763,0.031411,283.528737,283.528737,equated_0_0,3,b3,3_0,,,,,,,,,,0,12,12,12,1,,,,,,,,,,,,,,,,,,,,,,,,,,,,,,,,,,,,,,,,,,,,,,,,,,,,,,,,,,,,,,,,,,,,,,,,,,,,,,,,,,,,,,,,,,,,,,,,,,,,,,,,,,,,,,,,,,,,,,,,,,,,,,,,,,,,,,,,,,,,,,,,,,,,,,,,,,,,,,,,,,,,,,,,,,,,,,,,,,,,,,,,,,,,,,,,,
,,,,,,,,,,,,,,,,space,0.2852,1,l,1,1.3194,,,,,,,,Age3_test31_rect.png,3,,l,l,31,1.5,,,equated,0,equated,0,right,114368,5308,5308,0,1,0,,,,EarlyLearningLab02,15,10,2021,3 or younger,EarlyLearningLab02,English,no,2025-04-17_16h17.58.837,manynumbers_ams_visualmemory_v2025.0301B_UCSD,2022.2.5,MacIntel,60.24096386,,,,,,,,,,22,33,,,,,,,,,,,,,,22,33,114000,114000,5308,5308,53,45,17,14,1199,1466,138,128,0.046406,0.046399,226.9800692,153.93804,0_equated_0,2,b3,2_equated,,,,,,,,,,0,13,13,2,1,,,,,,,,,,,,,,,,,,,,,,,,,,,,,,,,,,,,,,,,,,,,,,,,,,,,,,,,,,,,,,,,,,,,,,,,,,,,,,,,,,,,,,,,,,,,,,,,,,,,,,,,,,,,,,,,,,,,,,,,,,,,,,,,,,,,,,,,,,,,,,,,,,,,,,,,,,,,,,,,,,,,,,,,,,,,,,,,,,,,,,,,,,,,,,,,,
,,,,,,,,,,,,,,,,space,0.2688,0,s,0,1.144,,,,,,,,Age3_test33_rect.png,3,,l,l,33,3,,,equated,0,0,equated,right,154792,0,0,1735,2,0,,,,EarlyLearningLab02,15,10,2021,3 or younger,EarlyLearningLab02,English,no,2025-04-17_16h17.58.837,manynumbers_ams_visualmemory_v2025.0301B_UCSD,2022.2.5,MacIntel,60.24096386,,,,,,,,,,10,30,,,,,,,,,,,,,,10,30,155000,155000,24724,8232,79,47,55,18,1735,1735,145,149,0.15976,0.053171,2375.829444,254.4690049,0_0_equated,1,b3,1_equated,,,,,,,,,,0,14,14,10,1,,,,,,,,,,,,,,,,,,,,,,,,,,,,,,,,,,,,,,,,,,,,,,,,,,,,,,,,,,,,,,,,,,,,,,,,,,,,,,,,,,,,,,,,,,,,,,,,,,,,,,,,,,,,,,,,,,,,,,,,,,,,,,,,,,,,,,,,,,,,,,,,,,,,,,,,,,,,,,,,,,,,,,,,,,,,,,,,,,,,,,,,,,,,,,,,,
,,,,,,,,,,,,,,,,space,0.276,1,l,1,1.1519,,,,,,,,Age3_test23_rect.png,3,,l,l,23,2.5,,,equated,0,equated,0,right,94165,6869,6869,0,1,0,,,,EarlyLearningLab02,15,10,2021,3 or younger,EarlyLearningLab02,English,no,2025-04-17_16h17.58.837,manynumbers_ams_visualmemory_v2025.0301B_UCSD,2022.2.5,MacIntel,60.24096386,,,,,,,,,,14,35,,,,,,,,,,,,,,14,35,94163,94137,6869,6869,68,35,25,16,1090,1720,131,117,0.072948,0.072968,490.8738521,201.0619298,0_equated_0,2,b3,2_equated,,,,,,,,,,0,15,15,4,1,,,,,,,,,,,,,,,,,,,,,,,,,,,,,,,,,,,,,,,,,,,,,,,,,,,,,,,,,,,,,,,,,,,,,,,,,,,,,,,,,,,,,,,,,,,,,,,,,,,,,,,,,,,,,,,,,,,,,,,,,,,,,,,,,,,,,,,,,,,,,,,,,,,,,,,,,,,,,,,,,,,,,,,,,,,,,,,,,,,,,,,,,,,,,,,,,
,,,,,,,,,,,,,,,,,,,,,,,,,,,,,,,,,,,,,,,,,,,,,,,,,,,,EarlyLearningLab02,15,10,2021,3 or younger,EarlyLearningLab02,English,no,2025-04-17_16h17.58.837,manynumbers_ams_visualmemory_v2025.0301B_UCSD,2022.2.5,MacIntel,60.24096386,,,,,,,,,,,,,,,,,,,,,,,,,,,,,,,,,,,,,,,,,,,,,,,,,,,,,,,,,,,,,323.2648,q,1.844,space,1.0127,space,8.265,space,0.6639,,344.4053,1,366.6598,22.2545,0,1,"[-0.10202030796444123,0.6161655819121916]","[-0.019132971244557328,-0.3523647269593614]","[1,1]","[0,0]","[0,0]","[20.99940000000595,22.180999999999983]","[""P2T_rectangle""]",space,3.0134,0,0,0,0,1,1,sample1,colored PNG/PICTURE_203.png,,,,,colored PNG/PICTURE_203.png,colored PNG/PICTURE_508.png,,,,1,1,0,0,0,0,0,,,,,,,,,,,,,,,,,,,,,,,,,,,,,,,,,,,,,,,,,,,,,,,,,,,,,,,,,,,,,,,,,,,,,,,,,,,,,,,,,,,,,,,,,,,,,,,,,,,,,,,,,,,,,,,,,,,,,,,,,,,,,,,,,,,,,,,,,,,,,,,,
,,,,,,,,,,,,,,,,,,,,,,,,,,,,,,,,,,,,,,,,,,,,,,,,,,,,EarlyLearningLab02,15,10,2021,3 or younger,EarlyLearningLab02,English,no,2025-04-17_16h17.58.837,manynumbers_ams_visualmemory_v2025.0301B_UCSD,2022.2.5,MacIntel,60.24096386,,,,,,,,,,,,,,,,,,,,,,,,,,,,,,,,,,,,,,,,,,,,,,,,,,,,,,,,,,,,,,,,,,,,space,0.4576,,376.9881,,382.7444,5.7563,1,1,"[0.17054693169448476,0.6249461402394775]","[0.0005669448476052249,-0.3374016350689405]","[1,1]","[0,0]","[0,0]","[4.982800000011935,5.683599999994044]","[""P1T_rectangle""]",space,1.5544,0,0,0,0,1,1,sample1,colored PNG/PICTURE_203.png,,,,,colored PNG/PICTURE_203.png,colored PNG/PICTURE_508.png,,,,1,1,0,0,0,0,0,space,2.8683,1,,,,,,,,,,,,,,,,,,,,,,,,,,,,,,,,,,,,,,,,,,,,,,,,,,,,,,,,,,,,,,,,,,,,,,,,,,,,,,,,,,,,,,,,,,,,,,,,,,,,,,,,,,,,,,,,,,,,,,,,,,,,,,,,,,,,,,,,,,,,,
,,,,,,,,,,,,,,,,,,,,,,,,,,,,,,,,,,,,,,,,,,,,,,,,,,,,EarlyLearningLab02,15,10,2021,3 or younger,EarlyLearningLab02,English,no,2025-04-17_16h17.58.837,manynumbers_ams_visualmemory_v2025.0301B_UCSD,2022.2.5,MacIntel,60.24096386,,,,,,,,,,,,,,,,,,,,,,,,,,,,,,,,,,,,,,,,,,,,,,,,,,,,,,,,,,,,,,,,,,,,,,,389.7394,1,397.3374,7.598,,1,,,,,,,,,,,,,,,1,item01,colored PNG/PICTURE_78.png,,,,blank.png,colored PNG/PICTURE_353.png,colored PNG/PICTURE_78.png,blank.png,blank.png,blank.png,1,0,0,1,0,0,0,,,,space,0.6141,space,0.7868,,0,0.63163042,-0.346058883,1,0,0,0.63163042,-0.346058883,1,0,0,0.63163042,-0.346058883,1,0,0,0.63163042,-0.346058883,1,0,0,0,0,0,0,1,2,test_p3,"2,3",p3,blank.png,blank.png,blank.png,0,0,0,,,,,,,,,,,,,,,,,,,,,,,,,,,,,,,,,,,,,,,,,,,,,,,,,,,,,,,,,,,,,,,,,,,,,,,,,,,,,,,,,,,,,,,,,,,,,,,,,,,,
,,,,,,,,,,,,,,,,,,,,,,,,,,,,,,,,,,,,,,,,,,,,,,,,,,,,EarlyLearningLab02,15,10,2021,3 or younger,EarlyLearningLab02,English,no,2025-04-17_16h17.58.837,manynumbers_ams_visualmemory_v2025.0301B_UCSD,2022.2.5,MacIntel,60.24096386,,,,,,,,,,,,,,,,,,,,,,,,,,,,,,,,,,,,,,,,,,,,,,,,,,,,,,,,,,,,,,,,,,,,,,,401.3723,1,405.8822,4.5099,,1,,,,,,,,,,,,,,,2,item02,colored PNG/PICTURE_423.png,,,,blank.png,colored PNG/PICTURE_423.png,colored PNG/PICTURE_695.png,blank.png,blank.png,blank.png,1,0,1,0,0,0,0,,,,,,space,0.5921,,1,0.628045911,-0.334773846,1,0,0,0.628045911,-0.334773846,1,0,0,0.628045911,-0.334773846,1,0,0,0.628045911,-0.334773846,1,0,0,0,1,1,1,1,2,test_p2,"2,3",p2,blank.png,blank.png,blank.png,0,0,0,,,,,,,,,,,,,,,,,,,,,,,,,,,,,,,,,,,,,,,,,,,,,,,,,,,,,,,,,,,,,,,,,,,,,,,,,,,,,,,,,,,,,,,,,,,,,,,,,,,,
,,,,,,,,,,,,,,,,,,,,,,,,,,,,,,,,,,,,,,,,,,,,,,,,,,,,EarlyLearningLab02,15,10,2021,3 or younger,EarlyLearningLab02,English,no,2025-04-17_16h17.58.837,manynumbers_ams_visualmemory_v2025.0301B_UCSD,2022.2.5,MacIntel,60.24096386,,,,,,,,,,,,,,,,,,,,,,,,,,,,,,,,,,,,,,,,,,,,,,,,,,,,,,,,,,,,,,,,,,,,,,,409.739,1,414.3329,4.5939,,1,,,,,,,,,,,,,,,3,item03,colored PNG/PICTURE_264.png,,,,blank.png,colored PNG/PICTURE_285.png,colored PNG/PICTURE_264.png,blank.png,blank.png,blank.png,1,0,0,1,0,0,0,,,,,,space,0.4206,,0,0.632684937,-0.344664199,1,0,0,0.632684937,-0.344664199,1,0,0,0.632684937,-0.344664199,1,0,0,0.632684937,-0.344664199,1,0,0,0,2,2,2,1,2,test_p3,"2,3",p3,blank.png,blank.png,blank.png,0,0,0,,,,,,,,,,,,,,,,,,,,,,,,,,,,,,,,,,,,,,,,,,,,,,,,,,,,,,,,,,,,,,,,,,,,,,,,,,,,,,,,,,,,,,,,,,,,,,,,,,,,
,,,,,,,,,,,,,,,,,,,,,,,,,,,,,,,,,,,,,,,,,,,,,,,,,,,,EarlyLearningLab02,15,10,2021,3 or younger,EarlyLearningLab02,English,no,2025-04-17_16h17.58.837,manynumbers_ams_visualmemory_v2025.0301B_UCSD,2022.2.5,MacIntel,60.24096386,,,,,,,,,,,,,,,,,,,,,,,,,,,,,,,,,,,,,,,,,,,,,,,,,,,,,,,,,,,,,,,,,,,,,,,418.239,,427.2812,9.0422,,1,,,,,,,,,,,,,,,4,item04,colored PNG/PICTURE_423.png,,,,colored PNG/PICTURE_78.png,blank.png,blank.png,colored PNG/PICTURE_423.png,colored PNG/PICTURE_353.png,blank.png,1,0,0,0,1,0,0,,,1,,,space,0.4586,,,0.632684937,-0.344664199,0,0,0,0.606538858,-0.354112334,1,0,0,0.606538858,-0.354112334,1,0,0,0.606538858,-0.354112334,1,0,0,0,3,3,3,1,3,test_p4,"1,4,5",p4,blank.png,blank.png,blank.png,0,0,0,1,0,,,,,,,,,,,,,,,,,,,,,,,,,,,,,,,,,,,,,,,,,,,,,,,,,,,,,,,,,,,,,,,,,,,,,,,,,,,,,,,,,,,,,,,,,,,,,,,,,,
,,,,,,,,,,,,,,,,,,,,,,,,,,,,,,,,,,,,,,,,,,,,,,,,,,,,EarlyLearningLab02,15,10,2021,3 or younger,EarlyLearningLab02,English,no,2025-04-17_16h17.58.837,manynumbers_ams_visualmemory_v2025.0301B_UCSD,2022.2.5,MacIntel,60.24096386,,,,,,,,,,,,,,,,,,,,,,,,,,,,,,,,,,,,,,,,,,,,,,,,,,,,,,,,,,,,,,,,,,,,,,,432.0722,,442.1145,10.0423,,1,,,,,,,,,,,,,,,5,item05,colored PNG/PICTURE_695.png,,,,colored PNG/PICTURE_285.png,blank.png,blank.png,colored PNG/PICTURE_78.png,colored PNG/PICTURE_695.png,blank.png,1,0,0,0,0,1,0,,,,,,space,1.3458,,,0.606538858,-0.354112334,0,0,0,0.607385024,-0.350744682,1,0,0,0.607385024,-0.350744682,1,0,0,0.607385024,-0.350744682,1,0,0,0,4,4,4,1,3,test_p5,"1,4,5",p5,blank.png,blank.png,blank.png,0,0,0,,0,1,,,,,,,,,,,,,,,,,,,,,,,,,,,,,,,,,,,,,,,,,,,,,,,,,,,,,,,,,,,,,,,,,,,,,,,,,,,,,,,,,,,,,,,,,,,,,,,,,
,,,,,,,,,,,,,,,,,,,,,,,,,,,,,,,,,,,,,,,,,,,,,,,,,,,,EarlyLearningLab02,15,10,2021,3 or younger,EarlyLearningLab02,English,no,2025-04-17_16h17.58.837,manynumbers_ams_visualmemory_v2025.0301B_UCSD,2022.2.5,MacIntel,60.24096386,,,,,,,,,,,,,,,,,,,,,,,,,,,,,,,,,,,,,,,,,,,,,,,,,,,,,,,,,,,,,,,,,,,,,,,445.989,,450.7137,4.7247,,1,,,,,,,,,,,,,,,6,item06,colored PNG/PICTURE_353.png,,,,colored PNG/PICTURE_264.png,blank.png,blank.png,colored PNG/PICTURE_353.png,colored PNG/PICTURE_423.png,blank.png,1,0,0,0,1,0,0,,,,,,space,0.432,space,,0.607385024,-0.350744682,0,0,0,0.617275376,-0.348435799,1,0,0,0.617275376,-0.348435799,1,0,0,0.617275376,-0.348435799,1,0,0,0,5,5,5,1,3,test_p1,"1,4,5",p1,blank.png,blank.png,blank.png,0,0,0,1,0,,2.8739,,,,,,,,,,,,,,,,,,,,,,,,,,,,,,,,,,,,,,,,,,,,,,,,,,,,,,,,,,,,,,,,,,,,,,,,,,,,,,,,,,,,,,,,,,,,,,,,
,,,,,,,,,,,,,,,,,,,,,,,,,,,,,,,,,,,,,,,,,,,,,,,,,,,,EarlyLearningLab02,15,10,2021,3 or younger,EarlyLearningLab02,English,no,2025-04-17_16h17.58.837,manynumbers_ams_visualmemory_v2025.0301B_UCSD,2022.2.5,MacIntel,60.24096386,,,,,,,,,,,,,,,,,,,,,,,,,,,,,,,,,,,,,,,,,,,,,,,,,,,,,,,,,,,,,,,,,,,,,,,454.5558,,460.5792,6.0234,,1,,,,,,,,,,,,,,,7,item07,colored PNG/PICTURE_285.png,,,,blank.png,colored PNG/PICTURE_264.png,colored PNG/PICTURE_285.png,blank.png,blank.png,colored PNG/PICTURE_353.png,1,0,0,1,0,0,0,,,,,,space,0.3972,,,0.617275376,-0.348435799,0,0,0,0.617275376,-0.348435799,0,0,0,0.630546138,-0.366634729,1,0,0,0.630546138,-0.366634729,1,0,0,0,6,6,6,1,4,test_p3,"2,3,6,7",p3,colored PNG/PICTURE_695.png,blank.png,blank.png,0,0,0,,,,,1,0,,,,,,,,,,,,,,,,,,,,,,,,,,,,,,,,,,,,,,,,,,,,,,,,,,,,,,,,,,,,,,,,,,,,,,,,,,,,,,,,,,,,,,,,,,,,,,
,,,,,,,,,,,,,,,,,,,,,,,,,,,,,,,,,,,,,,,,,,,,,,,,,,,,EarlyLearningLab02,15,10,2021,3 or younger,EarlyLearningLab02,English,no,2025-04-17_16h17.58.837,manynumbers_ams_visualmemory_v2025.0301B_UCSD,2022.2.5,MacIntel,60.24096386,,,,,,,,,,,,,,,,,,,,,,,,,,,,,,,,,,,,,,,,,,,,,,,,,,,,,,,,,,,,,,,,,,,,,,,464.7556,1,469.0463,4.2907,,1,,,,,,,,,,,,,,,8,item08,colored PNG/PICTURE_78.png,,,,blank.png,colored PNG/PICTURE_78.png,colored PNG/PICTURE_264.png,blank.png,blank.png,colored PNG/PICTURE_695.png,1,0,1,0,0,0,0,,,,,,space,0.731,,,0.230284493,-0.249519514,0,0,0,0.230284493,-0.249519514,0,0,0,0.616760874,-0.349698669,1,0,0,0.616760874,-0.349698669,1,0,0,0,7,7,7,1,4,test_p2,"2,3,6,7",p2,colored PNG/PICTURE_423.png,blank.png,blank.png,0,0,0,,,,,,1,,,,,,,,,,,,,,,,,,,,,,,,,,,,,,,,,,,,,,,,,,,,,,,,,,,,,,,,,,,,,,,,,,,,,,,,,,,,,,,,,,,,,,,,,,,,,,
,,,,,,,,,,,,,,,,,,,,,,,,,,,,,,,,,,,,,,,,,,,,,,,,,,,,EarlyLearningLab02,15,10,2021,3 or younger,EarlyLearningLab02,English,no,2025-04-17_16h17.58.837,manynumbers_ams_visualmemory_v2025.0301B_UCSD,2022.2.5,MacIntel,60.24096386,,,,,,,,,,,,,,,,,,,,,,,,,,,,,,,,,,,,,,,,,,,,,,,,,,,,,,,,,,,,,,,,,,,,,,,472.8721,,484.1938,11.3217,,1,,,,,,,,,,,,,,,9,item09,colored PNG/PICTURE_285.png,,,,colored PNG/PICTURE_78.png,blank.png,blank.png,colored PNG/PICTURE_695.png,colored PNG/PICTURE_264.png,blank.png,1,0,0,0,0,0,0,,,1,,,space,0.3804,space,,0.616760874,-0.349698669,0,0,0,0.616760874,-0.349698669,0,0,0,0.616760874,-0.349698669,0,0,0,0.616123061,-0.345344532,1,0,0,0,8,8,8,1,5,test_p9,"1,4,5,8,9",p9,blank.png,colored PNG/PICTURE_353.png,colored PNG/PICTURE_285.png,0,0,1,1,,1,3.0666,,,1,1,0,,,,,,,,,,,,,,,,,,,,,,,,,,,,,,,,,,,,,,,,,,,,,,,,,,,,,,,,,,,,,,,,,,,,,,,,,,,,,,,,,,,,,,,,,,,
,,,,,,,,,,,,,,,,,,,,,,,,,,,,,,,,,,,,,,,,,,,,,,,,,,,,EarlyLearningLab02,15,10,2021,3 or younger,EarlyLearningLab02,English,no,2025-04-17_16h17.58.837,manynumbers_ams_visualmemory_v2025.0301B_UCSD,2022.2.5,MacIntel,60.24096386,,,,,,,,,,,,,,,,,,,,,,,,,,,,,,,,,,,,,,,,,,,,,,,,,,,,,,,,,,,,,,,,,,,,,,,484.1304,,484.2034,0.073,,0,,,,,,,,,,,,,,,1,sample2,,colored PNG/PICTURE_122.png,colored PNG/PICTURE_268.png,,,colored PNG/PICTURE_122.png,colored PNG/PICTURE_446.png,,,colored PNG/PICTURE_268.png,2,0,1,0,0,0,1,,,,,,,,,,,,,,,,,,,,,,,,,,,,,,,,,,,,,,,colored PNG/PICTURE_324.png,,,0,,,,,,,,,,,,,,,0,[],[],[],[],[],[],[],,0,0,0,0,1,,,,,,,,,,,,,,,,,,,,,,,,,,,,,,,,,,,,,,,,,,,,,,,,,,,,,,,,,,,,,,,,,,,,,,,,,,
,,,,,,,,,,,,,,,,,,,,,,,,,,,,,,,,,,,,,,,,,,,,,,,,,,,,EarlyLearningLab02,15,10,2021,3 or younger,EarlyLearningLab02,English,no,2025-04-17_16h17.58.837,manynumbers_ams_visualmemory_v2025.0301B_UCSD,2022.2.5,MacIntel,60.24096386,,,,,,,,,,,,,,,,,,,,,,,,,,,,,,,,,,,,,,,,,,,,,,,,,,,,,,,,,,,,,,,,,,,,,,,484.149,,484.2214,0.0724,,0,,,,,,,,,,,,,,,1,sample2,,colored PNG/PICTURE_122.png,colored PNG/PICTURE_268.png,,,colored PNG/PICTURE_122.png,colored PNG/PICTURE_446.png,,,colored PNG/PICTURE_268.png,2,0,1,0,0,0,1,,,,,,,,,,,,,,,,,,,,,,,,,,,,,,,,,,,,,,,colored PNG/PICTURE_324.png,,,0,,,,,,,,,,,,,,,0,[],[],[],[],[],[],[],,0,0,0,0,1,,,,,,,,,,,,,,,,,,,,,,,,,,,,,,,,,,,,,,,,,,,,,,,,,,,,,,,,,,,,,,,,,,,,,,,,,,
,,,,,,,,,,,,,,,,,,,,,,,,,,,,,,,,,,,,,,,,,,,,,,,,,,,,EarlyLearningLab02,15,10,2021,3 or younger,EarlyLearningLab02,English,no,2025-04-17_16h17.58.837,manynumbers_ams_visualmemory_v2025.0301B_UCSD,2022.2.5,MacIntel,60.24096386,,,,,,,,,,,,,,,,,,,,,,,,,,,,,,,,,,,,,,,,,,,,,,,,,,,,,,,,,,,,,,,,,,,,,,,484.1564,,484.2316,0.0752,,0,,,,,,,,,,,,,,,10,item_10,,colored PNG/PICTURE_672.png,colored PNG/PICTURE_3.png,,blank.png,colored PNG/PICTURE_360.png,colored PNG/PICTURE_672.png,blank.png,blank.png,colored PNG/PICTURE_3.png,2,0,0,1,0,0,1,,,,,,,,,,,,,,,,,,,,,,,,,,,,,,,,,,,4,"2,3","2,3,6,7",p3_p6,colored PNG/PICTURE_585.png,blank.png,blank.png,0,0,0,,,,,,,,,,,,,,,,,,,,,,,,,,,,,,,0,0.616123061,-0.345344532,1,0,0,0.616123061,-0.345344532,1,0,0,0.616123061,-0.345344532,1,0,0,0,0,0,0,1,,,,blank.png,blank.png,blank.png,blank.png,blank.png,blank.png,blank.png,blank.png,blank.png,blank.png,blank.png,0,0,0,0,0,0,0,0,0,0,0,2,,,,,,,,,,,,,,,,,,,,,,,
,,,,,,,,,,,,,,,,,,,,,,,,,,,,,,,,,,,,,,,,,,,,,,,,,,,,EarlyLearningLab02,15,10,2021,3 or younger,EarlyLearningLab02,English,no,2025-04-17_16h17.58.837,manynumbers_ams_visualmemory_v2025.0301B_UCSD,2022.2.5,MacIntel,60.24096386,,,,,,,,,,,,,,,,,,,,,,,,,,,,,,,,,,,,,,,,,,,,,,,,,,,,,,,,,,,,,,,,,,,,,,,484.1607,,484.2341,0.0734,,0,,,,,,,,,,,,,,,11,item_11,,colored PNG/PICTURE_309.png,colored PNG/PICTURE_190.png,,blank.png,colored PNG/PICTURE_190.png,colored PNG/PICTURE_585.png,blank.png,blank.png,colored PNG/PICTURE_309.png,2,0,1,0,0,0,1,,,,,,,,,,,,,,,,,,,,,,,,,,,,,,,,,,,4,"2,3","2,3,6,7",p2_p6,colored PNG/PICTURE_3.png,blank.png,blank.png,0,0,0,,,,,,,,,,,,,,,,,,,,,,,,,,,,,,,0,0.616123061,-0.345344532,1,0,0,0.616123061,-0.345344532,1,0,0,0.616123061,-0.345344532,1,0,0,0,1,1,1,1,,,,blank.png,blank.png,blank.png,blank.png,blank.png,blank.png,blank.png,blank.png,blank.png,blank.png,blank.png,0,0,0,0,0,0,0,0,0,0,0,2,,,,,,,,,,,,,,,,,,,,,,,
,,,,,,,,,,,,,,,,,,,,,,,,,,,,,,,,,,,,,,,,,,,,,,,,,,,,EarlyLearningLab02,15,10,2021,3 or younger,EarlyLearningLab02,English,no,2025-04-17_16h17.58.837,manynumbers_ams_visualmemory_v2025.0301B_UCSD,2022.2.5,MacIntel,60.24096386,,,,,,,,,,,,,,,,,,,,,,,,,,,,,,,,,,,,,,,,,,,,,,,,,,,,,,,,,,,,,,,,,,,,,,,484.1627,,484.2361,0.0734,,0,,,,,,,,,,,,,,,12,item_12,,colored PNG/PICTURE_585.png,colored PNG/PICTURE_360.png,,blank.png,colored PNG/PICTURE_672.png,colored PNG/PICTURE_309.png,blank.png,blank.png,colored PNG/PICTURE_360.png,2,0,0,0,0,0,1,,,,,,,,,,,,,,,,,,,,,,,,,,,,,,,,,,,4,"2,3","2,3,6,7",p6_p7,colored PNG/PICTURE_585.png,blank.png,blank.png,1,0,0,,,,,,,,,,,,,,,,,,,,,,,,,,,,,,,0,0.616123061,-0.345344532,1,0,0,0.616123061,-0.345344532,1,0,0,0.616123061,-0.345344532,1,0,0,0,2,2,2,1,,,,blank.png,blank.png,blank.png,blank.png,blank.png,blank.png,blank.png,blank.png,blank.png,blank.png,blank.png,0,0,0,0,0,0,0,0,0,0,0,2,,,,,,,,,,,,,,,,,,,,,,,
,,,,,,,,,,,,,,,,,,,,,,,,,,,,,,,,,,,,,,,,,,,,,,,,,,,,EarlyLearningLab02,15,10,2021,3 or younger,EarlyLearningLab02,English,no,2025-04-17_16h17.58.837,manynumbers_ams_visualmemory_v2025.0301B_UCSD,2022.2.5,MacIntel,60.24096386,,,,,,,,,,,,,,,,,,,,,,,,,,,,,,,,,,,,,,,,,,,,,,,,,,,,,,,,,,,,,,,,,,,,,,,484.1646,,484.238,0.0734,,0,,,,,,,,,,,,,,,13,item_13,,colored PNG/PICTURE_585.png,colored PNG/PICTURE_190.png,,blank.png,colored PNG/PICTURE_360.png,colored PNG/PICTURE_585.png,blank.png,blank.png,colored PNG/PICTURE_190.png,2,0,0,1,0,0,1,,,,,,,,,,,,,,,,,,,,,,,,,,,,,,,,,,,4,"2,3","2,3,6,7",p3_p6,colored PNG/PICTURE_672.png,blank.png,blank.png,0,0,0,,,,,,,,,,,,,,,,,,,,,,,,,,,,,,,0,0.616123061,-0.345344532,1,0,0,0.616123061,-0.345344532,1,0,0,0.616123061,-0.345344532,1,0,0,0,3,3,3,1,,,,blank.png,blank.png,blank.png,blank.png,blank.png,blank.png,blank.png,blank.png,blank.png,blank.png,blank.png,0,0,0,0,0,0,0,0,0,0,0,2,,,,,,,,,,,,,,,,,,,,,,,
,,,,,,,,,,,,,,,,,,,,,,,,,,,,,,,,,,,,,,,,,,,,,,,,,,,,EarlyLearningLab02,15,10,2021,3 or younger,EarlyLearningLab02,English,no,2025-04-17_16h17.58.837,manynumbers_ams_visualmemory_v2025.0301B_UCSD,2022.2.5,MacIntel,60.24096386,,,,,,,,,,,,,,,,,,,,,,,,,,,,,,,,,,,,,,,,,,,,,,,,,,,,,,,,,,,,,,,,,,,,,,,484.1666,,484.2402,0.0736,0,0,,,,,,,,,,,,,,,14,item_14,,colored PNG/PICTURE_3.png,colored PNG/PICTURE_360.png,,colored PNG/PICTURE_309.png,blank.png,blank.png,colored PNG/PICTURE_585.png,colored PNG/PICTURE_190.png,blank.png,2,0,0,0,0,0,0,,,,,,,,,,,,,,,,,,,,,,,,,,,,,,,,,,,5,"2,3","1,4,5,8,9",p8_p9,blank.png,colored PNG/PICTURE_360.png,colored PNG/PICTURE_3.png,0,1,1,,,,,,,,,,,,,,,,,,,,,,,,,,,,,,,,0.616123061,-0.345344532,1,0,0,0.616123061,-0.345344532,1,0,0,0.616123061,-0.345344532,1,0,0,0,4,4,4,1,,,,blank.png,blank.png,blank.png,blank.png,blank.png,blank.png,blank.png,blank.png,blank.png,blank.png,blank.png,0,0,0,0,0,0,0,0,0,0,0,2,,,,,,,,,,,,,,,,,,,,,,,
,,,,,,,,,,,,,,,,,,,,,,,,,,,,,,,,,,,,,,,,,,,,,,,,,,,,EarlyLearningLab02,15,10,2021,3 or younger,EarlyLearningLab02,English,no,2025-04-17_16h17.58.837,manynumbers_ams_visualmemory_v2025.0301B_UCSD,2022.2.5,MacIntel,60.24096386,,,,,,,,,,,,,,,,,,,,,,,,,,,,,,,,,,,,,,,,,,,,,,,,,,,,,,,,,,,,,,,,,,,,,,,484.1687,,484.2421,0.0734,0,0,,,,,,,,,,,,,,,15,item_15,,colored PNG/PICTURE_672.png,colored PNG/PICTURE_190.png,,colored PNG/PICTURE_672.png,blank.png,blank.png,colored PNG/PICTURE_360.png,colored PNG/PICTURE_309.png,blank.png,2,1,0,0,0,0,0,,,,,,,,,,,,,,,,,,,,,,,,,,,,,,,,,,,5,"2,3","1,4,5,8,9",p1_p8,blank.png,colored PNG/PICTURE_190.png,colored PNG/PICTURE_3.png,0,1,0,,,,,,,,,,,,,,,,,,,,,,,,,,,,,,,,0.616123061,-0.345344532,1,0,0,0.616123061,-0.345344532,1,0,0,0.616123061,-0.345344532,1,0,0,0,5,5,5,1,,,,blank.png,blank.png,blank.png,blank.png,blank.png,blank.png,blank.png,blank.png,blank.png,blank.png,blank.png,0,0,0,0,0,0,0,0,0,0,0,2,,,,,,,,,,,,,,,,,,,,,,,
,,,,,,,,,,,,,,,,,,,,,,,,,,,,,,,,,,,,,,,,,,,,,,,,,,,,EarlyLearningLab02,15,10,2021,3 or younger,EarlyLearningLab02,English,no,2025-04-17_16h17.58.837,manynumbers_ams_visualmemory_v2025.0301B_UCSD,2022.2.5,MacIntel,60.24096386,,,,,,,,,,,,,,,,,,,,,,,,,,,,,,,,,,,,,,,,,,,,,,,,,,,,,,,,,,,,,,,,,,,,,,,484.1705,,484.2439,0.0734,,0,,,,,,,,,,,,,,,16,item_16,,colored PNG/PICTURE_309.png,colored PNG/PICTURE_3.png,,blank.png,colored PNG/PICTURE_190.png,colored PNG/PICTURE_672.png,blank.png,blank.png,colored PNG/PICTURE_3.png,2,0,0,0,0,0,1,,,,,,,,,,,,,,,,,,,,,,,,,,,,,,,,,,,6,"2,3","2,3,6,7,10,11",p6_p7,colored PNG/PICTURE_309.png,blank.png,blank.png,1,0,0,,,,,,,,,,,,,,,,,,,,,,,,,,,,,,,,0.616123061,-0.345344532,1,0,0,0.616123061,-0.345344532,1,0,0,0.616123061,-0.345344532,1,0,0,0,6,6,6,1,,,,colored PNG/PICTURE_360.png,colored PNG/PICTURE_585.png,blank.png,blank.png,blank.png,blank.png,blank.png,blank.png,blank.png,blank.png,blank.png,0,0,0,0,0,0,0,0,0,0,0,2,0,,,,,,,,,,,,,,,,,,,,,,
,,,,,,,,,,,,,,,,,,,,,,,,,,,,,,,,,,,,,,,,,,,,,,,,,,,,EarlyLearningLab02,15,10,2021,3 or younger,EarlyLearningLab02,English,no,2025-04-17_16h17.58.837,manynumbers_ams_visualmemory_v2025.0301B_UCSD,2022.2.5,MacIntel,60.24096386,,,,,,,,,,,,,,,,,,,,,,,,,,,,,,,,,,,,,,,,,,,,,,,,,,,,,,,,,,,,,,,,,,,,,,,484.1726,,484.2457,0.0731,,0,,,,,,,,,,,,,,,17,item_17,,colored PNG/PICTURE_672.png,colored PNG/PICTURE_585.png,,blank.png,colored PNG/PICTURE_309.png,colored PNG/PICTURE_672.png,blank.png,blank.png,colored PNG/PICTURE_585.png,2,0,0,1,0,0,1,,,,,,,,,,,,,,,,,,,,,,,,,,,,,,,,,,,6,"2,3","2,3,6,7,10,11",p3_p6,colored PNG/PICTURE_190.png,blank.png,blank.png,0,0,0,,,,,,,,,,,,,,,,,,,,,,,,,,,,,,,,0.616123061,-0.345344532,1,0,0,0.616123061,-0.345344532,1,0,0,0.616123061,-0.345344532,1,0,0,0,7,7,7,1,,,,colored PNG/PICTURE_3.png,colored PNG/PICTURE_360.png,blank.png,blank.png,blank.png,blank.png,blank.png,blank.png,blank.png,blank.png,blank.png,0,0,0,0,0,0,0,0,0,0,0,2,0,,,,,,,,,,,,,,,,,,,,,,
,,,,,,,,,,,,,,,,,,,,,,,,,,,,,,,,,,,,,,,,,,,,,,,,,,,,EarlyLearningLab02,15,10,2021,3 or younger,EarlyLearningLab02,English,no,2025-04-17_16h17.58.837,manynumbers_ams_visualmemory_v2025.0301B_UCSD,2022.2.5,MacIntel,60.24096386,,,,,,,,,,,,,,,,,,,,,,,,,,,,,,,,,,,,,,,,,,,,,,,,,,,,,,,,,,,,,,,,,,,,,,,484.1741,,484.2473,0.0732,,0,,,,,,,,,,,,,,,18,item_18,,colored PNG/PICTURE_309.png,colored PNG/PICTURE_360.png,,blank.png,colored PNG/PICTURE_672.png,colored PNG/PICTURE_190.png,blank.png,blank.png,colored PNG/PICTURE_3.png,2,0,0,0,0,0,0,,,,,,,,,,,,,,,,,,,,,,,,,,,,,,,,,,,6,"2,3","2,3,6,7,10,11",p7_p10,colored PNG/PICTURE_309.png,blank.png,blank.png,1,0,0,,,,,,,,,,,,,,,,,,,,,,,,,,,,,,,,0.616123061,-0.345344532,1,0,0,0.616123061,-0.345344532,1,0,0,0.616123061,-0.345344532,1,0,0,0,8,8,8,1,,,,colored PNG/PICTURE_360.png,colored PNG/PICTURE_585.png,blank.png,blank.png,blank.png,blank.png,blank.png,blank.png,blank.png,blank.png,blank.png,1,0,0,0,0,0,0,0,0,0,0,2,0,,,,,,,,,,,,,,,,,,,,,,
,,,,,,,,,,,,,,,,,,,,,,,,,,,,,,,,,,,,,,,,,,,,,,,,,,,,EarlyLearningLab02,15,10,2021,3 or younger,EarlyLearningLab02,English,no,2025-04-17_16h17.58.837,manynumbers_ams_visualmemory_v2025.0301B_UCSD,2022.2.5,MacIntel,60.24096386,,,,,,,,,,,,,,,,,,,,,,,,,,,,,,,,,,,,,,,,,,,,,,,,,,,,,,,,,,,,,,,,,,,,,,,484.1796,,484.2542,0.0746,,0,,,,,,,,,,,,,,,19,item_19,colored PNG/PICTURE_90.png,,,colored PNG/PICTURE_100.png,colored PNG/PICTURE_100.png,blank.png,blank.png,colored PNG/PICTURE_448.png,colored PNG/PICTURE_1.png,blank.png,3,1,0,0,0,0,0,,,,,,,,,,,,,,,,,,,,,,,,,,,,,,,,,,,5,"1,4,5","1,4,5,8,9",p1_p8_p9,blank.png,colored PNG/PICTURE_430.png,colored PNG/PICTURE_90.png,0,1,1,,,,,,,,,,,,,,,,,,,,,,,,,,,,,,,,,,,,,,,,,,,,,,,,,,,,colored PNG/PICTURE_430.png,,,blank.png,blank.png,blank.png,blank.png,blank.png,blank.png,blank.png,blank.png,blank.png,blank.png,blank.png,0,0,0,0,0,0,0,0,0,0,0,3,,,,0,0,0,0,0,1,,,,,,,,,,,,,,
,,,,,,,,,,,,,,,,,,,,,,,,,,,,,,,,,,,,,,,,,,,,,,,,,,,,EarlyLearningLab02,15,10,2021,3 or younger,EarlyLearningLab02,English,no,2025-04-17_16h17.58.837,manynumbers_ams_visualmemory_v2025.0301B_UCSD,2022.2.5,MacIntel,60.24096386,,,,,,,,,,,,,,,,,,,,,,,,,,,,,,,,,,,,,,,,,,,,,,,,,,,,,,,,,,,,,,,,,,,,,,,484.1832,,484.2565,0.0733,,0,,,,,,,,,,,,,,,20,item_20,colored PNG/PICTURE_358.png,,,colored PNG/PICTURE_23.png,colored PNG/PICTURE_23.png,blank.png,blank.png,colored PNG/PICTURE_90.png,colored PNG/PICTURE_358.png,blank.png,3,1,0,0,0,1,0,,,,,,,,,,,,,,,,,,,,,,,,,,,,,,,,,,,5,"1,4,5","1,4,5,8,9",p1_p5_p8,blank.png,colored PNG/PICTURE_448.png,colored PNG/PICTURE_91.png,0,1,0,,,,,,,,,,,,,,,,,,,,,,,,,,,,,,,,,,,,,,,,,,,,,,,,,,,,colored PNG/PICTURE_448.png,,,blank.png,blank.png,blank.png,blank.png,blank.png,blank.png,blank.png,blank.png,blank.png,blank.png,blank.png,0,0,0,0,0,0,0,0,0,0,0,3,,,,0,0,1,1,1,1,,,,,,,,,,,,,,
,,,,,,,,,,,,,,,,,,,,,,,,,,,,,,,,,,,,,,,,,,,,,,,,,,,,EarlyLearningLab02,15,10,2021,3 or younger,EarlyLearningLab02,English,no,2025-04-17_16h17.58.837,manynumbers_ams_visualmemory_v2025.0301B_UCSD,2022.2.5,MacIntel,60.24096386,,,,,,,,,,,,,,,,,,,,,,,,,,,,,,,,,,,,,,,,,,,,,,,,,,,,,,,,,,,,,,,,,,,,,,,484.185,,484.2582,0.0732,,0,,,,,,,,,,,,,,,21,item_21,colored PNG/PICTURE_91.png,,,colored PNG/PICTURE_358.png,colored PNG/PICTURE_1.png,blank.png,blank.png,colored PNG/PICTURE_430.png,colored PNG/PICTURE_448.png,blank.png,3,1,0,0,0,0,0,,,,,,,,,,,,,,,,,,,,,,,,,,,,,,,,,,,5,"1,4,5","1,4,5,8,9",p1_p8_p9,blank.png,colored PNG/PICTURE_358.png,colored PNG/PICTURE_91.png,0,1,1,,,,,,,,,,,,,,,,,,,,,,,,,,,,,,,,,,,,,,,,,,,,,,,,,,,,colored PNG/PICTURE_1.png,,,blank.png,blank.png,blank.png,blank.png,blank.png,blank.png,blank.png,blank.png,blank.png,blank.png,blank.png,0,0,0,0,0,0,0,0,0,0,0,3,,,,0,0,2,2,2,1,,,,,,,,,,,,,,
,,,,,,,,,,,,,,,,,,,,,,,,,,,,,,,,,,,,,,,,,,,,,,,,,,,,EarlyLearningLab02,15,10,2021,3 or younger,EarlyLearningLab02,English,no,2025-04-17_16h17.58.837,manynumbers_ams_visualmemory_v2025.0301B_UCSD,2022.2.5,MacIntel,60.24096386,,,,,,,,,,,,,,,,,,,,,,,,,,,,,,,,,,,,,,,,,,,,,,,,,,,,,,,,,,,,,,,,,,,,,,,484.1867,,484.2642,0.0775,,0,,,,,,,,,,,,,,,22,item_22,colored PNG/PICTURE_91.png,,,colored PNG/PICTURE_100.png,blank.png,colored PNG/PICTURE_430.png,colored PNG/PICTURE_100.png,blank.png,blank.png,colored PNG/PICTURE_23.png,3,0,0,1,0,0,1,,,,,,,,,,,,,,,,,,,,,,,,,,,,,,,,,,,6,"1,4,5","2,3,6,7,10,11",p3_p6_p11,colored PNG/PICTURE_1.png,blank.png,blank.png,0,0,0,,,,,,,,,,,,,,,,,,,,,,,,,,,,,,,,,,,,,,,,,,,,,,,,,,,,colored PNG/PICTURE_23.png,,,colored PNG/PICTURE_90.png,colored PNG/PICTURE_91.png,blank.png,blank.png,blank.png,blank.png,blank.png,blank.png,blank.png,blank.png,blank.png,0,1,0,0,0,0,0,0,0,0,0,3,,,,,0,3,3,3,1,0,,,,,,,,,,,,,
,,,,,,,,,,,,,,,,,,,,,,,,,,,,,,,,,,,,,,,,,,,,,,,,,,,,EarlyLearningLab02,15,10,2021,3 or younger,EarlyLearningLab02,English,no,2025-04-17_16h17.58.837,manynumbers_ams_visualmemory_v2025.0301B_UCSD,2022.2.5,MacIntel,60.24096386,,,,,,,,,,,,,,,,,,,,,,,,,,,,,,,,,,,,,,,,,,,,,,,,,,,,,,,,,,,,,,,,,,,,,,,484.1929,,484.2659,0.073,,0,,,,,,,,,,,,,,,23,item_23,colored PNG/PICTURE_91.png,,,colored PNG/PICTURE_23.png,blank.png,colored PNG/PICTURE_448.png,colored PNG/PICTURE_100.png,blank.png,blank.png,colored PNG/PICTURE_430.png,3,0,1,0,0,0,0,,,,,,,,,,,,,,,,,,,,,,,,,,,,,,,,,,,6,"1,4,5","2,3,6,7,10,11",p2_p10_p11,colored PNG/PICTURE_90.png,blank.png,blank.png,0,0,0,,,,,,,,,,,,,,,,,,,,,,,,,,,,,,,,,,,,,,,,,,,,,,,,,,,,colored PNG/PICTURE_448.png,,,colored PNG/PICTURE_91.png,colored PNG/PICTURE_23.png,blank.png,blank.png,blank.png,blank.png,blank.png,blank.png,blank.png,blank.png,blank.png,1,1,0,0,0,0,0,0,0,0,0,3,,,,,0,4,4,4,1,0,,,,,,,,,,,,,
,,,,,,,,,,,,,,,,,,,,,,,,,,,,,,,,,,,,,,,,,,,,,,,,,,,,EarlyLearningLab02,15,10,2021,3 or younger,EarlyLearningLab02,English,no,2025-04-17_16h17.58.837,manynumbers_ams_visualmemory_v2025.0301B_UCSD,2022.2.5,MacIntel,60.24096386,,,,,,,,,,,,,,,,,,,,,,,,,,,,,,,,,,,,,,,,,,,,,,,,,,,,,,,,,,,,,,,,,,,,,,,484.1943,,484.2673,0.073,,0,,,,,,,,,,,,,,,24,item_24,colored PNG/PICTURE_90.png,,,colored PNG/PICTURE_100.png,blank.png,colored PNG/PICTURE_1.png,colored PNG/PICTURE_358.png,blank.png,blank.png,colored PNG/PICTURE_100.png,3,0,1,0,0,0,1,,,,,,,,,,,,,,,,,,,,,,,,,,,,,,,,,,,6,"1,4,5","2,3,6,7,10,11",p2_p6_p7,colored PNG/PICTURE_90.png,blank.png,blank.png,1,0,0,,,,,,,,,,,,,,,,,,,,,,,,,,,,,,,,,,,,,,,,,,,,,,,,,,,,colored PNG/PICTURE_1.png,,,colored PNG/PICTURE_23.png,colored PNG/PICTURE_91.png,blank.png,blank.png,blank.png,blank.png,blank.png,blank.png,blank.png,blank.png,blank.png,0,0,0,0,0,0,0,0,0,0,0,3,,,,,0,5,5,5,1,0,,,,,,,,,,,,,
,,,,,,,,,,,,,,,,,,,,,,,,,,,,,,,,,,,,,,,,,,,,,,,,,,,,EarlyLearningLab02,15,10,2021,3 or younger,EarlyLearningLab02,English,no,2025-04-17_16h17.58.837,manynumbers_ams_visualmemory_v2025.0301B_UCSD,2022.2.5,MacIntel,60.24096386,,,,,,,,,,,,,,,,,,,,,,,,,,,,,,,,,,,,,,,,,,,,,,,,,,,,,,,,,,,,,,,,,,,,,,,484.1957,,484.2686,0.0729,,0,,,,,,,,,,,,,,,25,item_25,colored PNG/PICTURE_358.png,,,colored PNG/PICTURE_23.png,blank.png,colored PNG/PICTURE_358.png,colored PNG/PICTURE_1.png,blank.png,blank.png,colored PNG/PICTURE_23.png,3,0,1,0,0,0,1,,,,,,,,,,,,,,,,,,,,,,,,,,,,,,,,,,,6,"1,4,5","2,3,6,7,10,11",p2_p6_p10,colored PNG/PICTURE_430.png,blank.png,blank.png,0,0,0,,,,,,,,,,,,,,,,,,,,,,,,,,,,,,,,,,,,,,,,,,,,,,,,,,,,colored PNG/PICTURE_448.png,,,colored PNG/PICTURE_448.png,colored PNG/PICTURE_100.png,blank.png,blank.png,blank.png,blank.png,blank.png,blank.png,blank.png,blank.png,blank.png,1,0,0,0,0,0,0,0,0,0,0,3,,,,,0,6,6,6,1,0,,,,,,,,,,,,,
,,,,,,,,,,,,,,,,,,,,,,,,,,,,,,,,,,,,,,,,,,,,,,,,,,,,EarlyLearningLab02,15,10,2021,3 or younger,EarlyLearningLab02,English,no,2025-04-17_16h17.58.837,manynumbers_ams_visualmemory_v2025.0301B_UCSD,2022.2.5,MacIntel,60.24096386,,,,,,,,,,,,,,,,,,,,,,,,,,,,,,,,,,,,,,,,,,,,,,,,,,,,,,,,,,,,,,,,,,,,,,,484.197,,484.2698,0.0728,,0,,,,,,,,,,,,,,,26,item_26,colored PNG/PICTURE_90.png,,,colored PNG/PICTURE_430.png,blank.png,colored PNG/PICTURE_358.png,colored PNG/PICTURE_91.png,blank.png,blank.png,colored PNG/PICTURE_430.png,3,0,0,0,0,0,1,,,,,,,,,,,,,,,,,,,,,,,,,,,,,,,,,,,6,"1,4,5","2,3,6,7,10,11",p6_p7_p10,colored PNG/PICTURE_90.png,blank.png,blank.png,1,0,0,,,,,,,,,,,,,,,,,,,,,,,,,,,,,,,,,,,,,,,,,,,,,,,,,,,,colored PNG/PICTURE_448.png,,,colored PNG/PICTURE_448.png,colored PNG/PICTURE_1.png,blank.png,blank.png,blank.png,blank.png,blank.png,blank.png,blank.png,blank.png,blank.png,1,0,0,0,0,0,0,0,0,0,0,3,,,,,0,7,7,7,1,0,,,,,,,,,,,,,
,,,,,,,,,,,,,,,,,,,,,,,,,,,,,,,,,,,,,,,,,,,,,,,,,,,,EarlyLearningLab02,15,10,2021,3 or younger,EarlyLearningLab02,English,no,2025-04-17_16h17.58.837,manynumbers_ams_visualmemory_v2025.0301B_UCSD,2022.2.5,MacIntel,60.24096386,,,,,,,,,,,,,,,,,,,,,,,,,,,,,,,,,,,,,,,,,,,,,,,,,,,,,,,,,,,,,,,,,,,,,,,484.1981,,484.2711,0.073,,0,,,,,,,,,,,,,,,27,item_27,colored PNG/PICTURE_91.png,,,colored PNG/PICTURE_358.png,blank.png,colored PNG/PICTURE_23.png,colored PNG/PICTURE_430.png,blank.png,blank.png,colored PNG/PICTURE_448.png,3,0,0,1,0,0,0,,,,,,,,,,,,,,,,,,,,,,,,,,,,,,,,,,,8,"1,4,5","2,3,6,7,12,13,14,15",p3_p7_p15,colored PNG/PICTURE_358.png,blank.png,blank.png,1,0,0,,,,,,,,,,,,,,,,,,,,,,,,,,,,,,,,,,,,,,,,,,,,,,,,,,,,colored PNG/PICTURE_430.png,,,blank.png,blank.png,colored PNG/PICTURE_1.png,colored PNG/PICTURE_90.png,colored PNG/PICTURE_100.png,colored PNG/PICTURE_91.png,blank.png,blank.png,blank.png,blank.png,blank.png,0,0,0,0,0,1,0,0,0,0,0,3,,,,,0,8,8,8,1,,0,,,,,,,,,,,,
,,,,,,,,,,,,,,,,,,,,,,,,,,,,,,,,,,,,,,,,,,,,,,,,,,,,EarlyLearningLab02,15,10,2021,3 or younger,EarlyLearningLab02,English,no,2025-04-17_16h17.58.837,manynumbers_ams_visualmemory_v2025.0301B_UCSD,2022.2.5,MacIntel,60.24096386,,,,,,,,,,,,,,,,,,,,,,,,,,,,,,,,,,,,,,,,,,,,,,,,,,,,,,,,,,,,,,,,,,,,,,,484.1996,,484.2727,0.0731,,0,,,,,,,,,,,,,,,28,item_28,colored PNG/PICTURE_90.png,,,colored PNG/PICTURE_100.png,blank.png,colored PNG/PICTURE_358.png,colored PNG/PICTURE_448.png,blank.png,blank.png,colored PNG/PICTURE_430.png,3,0,0,0,0,0,0,,,,,,,,,,,,,,,,,,,,,,,,,,,,,,,,,,,8,"1,4,5","2,3,6,7,12,13,14,15",p7_p13_p14,colored PNG/PICTURE_100.png,blank.png,blank.png,1,0,0,,,,,,,,,,,,,,,,,,,,,,,,,,,,,,,,,,,,,,,,,,,,,,,,,,,,colored PNG/PICTURE_1.png,,,blank.png,blank.png,colored PNG/PICTURE_23.png,colored PNG/PICTURE_1.png,colored PNG/PICTURE_90.png,colored PNG/PICTURE_91.png,blank.png,blank.png,blank.png,blank.png,blank.png,0,0,0,1,1,0,0,0,0,0,0,3,,,,,0,9,9,9,1,,0,,,,,,,,,,,,
,,,,,,,,,,,,,,,,,,,,,,,,,,,,,,,,,,,,,,,,,,,,,,,,,,,,EarlyLearningLab02,15,10,2021,3 or younger,EarlyLearningLab02,English,no,2025-04-17_16h17.58.837,manynumbers_ams_visualmemory_v2025.0301B_UCSD,2022.2.5,MacIntel,60.24096386,,,,,,,,,,,,,,,,,,,,,,,,,,,,,,,,,,,,,,,,,,,,,,,,,,,,,,,,,,,,,,,,,,,,,,,484.204,,484.2783,0.0743,,0,,,,,,,,,,,,,,,29,item_29,,colored PNG/PICTURE_541.png,colored PNG/PICTURE_238.png,,blank.png,colored PNG/PICTURE_35.png,colored PNG/PICTURE_64.png,blank.png,blank.png,colored PNG/PICTURE_238.png,4,0,0,0,0,0,1,,,,,,,,,,,,,,,,,,,,,,,,,,,,,,,,,,,6,"2,3,6,7","2,3,6,7,10,11",p6_p7_p10_p11,colored PNG/PICTURE_707.png,blank.png,blank.png,1,0,0,,,,,,,,,,,,,,,,,,,,,,,,,,,,,,,,,,,,,,,,,,,,,,,,,,,,,colored PNG/PICTURE_707.png,colored PNG/PICTURE_338.png,colored PNG/PICTURE_541.png,colored PNG/PICTURE_338.png,blank.png,blank.png,blank.png,blank.png,blank.png,blank.png,blank.png,blank.png,blank.png,1,1,0,0,0,0,0,0,0,0,0,4,,,,,,,,,,,,,,0,0,0,0,0,1,,,,
,,,,,,,,,,,,,,,,,,,,,,,,,,,,,,,,,,,,,,,,,,,,,,,,,,,,EarlyLearningLab02,15,10,2021,3 or younger,EarlyLearningLab02,English,no,2025-04-17_16h17.58.837,manynumbers_ams_visualmemory_v2025.0301B_UCSD,2022.2.5,MacIntel,60.24096386,,,,,,,,,,,,,,,,,,,,,,,,,,,,,,,,,,,,,,,,,,,,,,,,,,,,,,,,,,,,,,,,,,,,,,,484.207,,484.2801,0.0731,,0,,,,,,,,,,,,,,,30,item_30,,colored PNG/PICTURE_165.png,colored PNG/PICTURE_67.png,,blank.png,colored PNG/PICTURE_338.png,colored PNG/PICTURE_69.png,blank.png,blank.png,colored PNG/PICTURE_35.png,4,0,1,0,0,0,0,,,,,,,,,,,,,,,,,,,,,,,,,,,,,,,,,,,6,"2,3,6,7","2,3,6,7,10,11",p2_p7_p10_p11,colored PNG/PICTURE_165.png,blank.png,blank.png,1,0,0,,,,,,,,,,,,,,,,,,,,,,,,,,,,,,,,,,,,,,,,,,,,,,,,,,,,,colored PNG/PICTURE_338.png,colored PNG/PICTURE_475.png,colored PNG/PICTURE_475.png,colored PNG/PICTURE_67.png,blank.png,blank.png,blank.png,blank.png,blank.png,blank.png,blank.png,blank.png,blank.png,1,1,0,0,0,0,0,0,0,0,0,4,,,,,,,,,,,,,,0,0,1,1,1,1,,,,
,,,,,,,,,,,,,,,,,,,,,,,,,,,,,,,,,,,,,,,,,,,,,,,,,,,,EarlyLearningLab02,15,10,2021,3 or younger,EarlyLearningLab02,English,no,2025-04-17_16h17.58.837,manynumbers_ams_visualmemory_v2025.0301B_UCSD,2022.2.5,MacIntel,60.24096386,,,,,,,,,,,,,,,,,,,,,,,,,,,,,,,,,,,,,,,,,,,,,,,,,,,,,,,,,,,,,,,,,,,,,,,484.2087,,484.2824,0.0737,,0,,,,,,,,,,,,,,,31,item_31,,colored PNG/PICTURE_69.png,colored PNG/PICTURE_64.png,,blank.png,colored PNG/PICTURE_64.png,colored PNG/PICTURE_707.png,blank.png,blank.png,colored PNG/PICTURE_67.png,4,0,1,0,0,0,1,,,,,,,,,,,,,,,,,,,,,,,,,,,,,,,,,,,8,"2,3,6,7","2,3,6,7,12,13,14,15",p2_p6_p12_p13,colored PNG/PICTURE_35.png,blank.png,blank.png,0,0,0,,,,,,,,,,,,,,,,,,,,,,,,,,,,,,,,,,,,,,,,,,,,,,,,,,,,,colored PNG/PICTURE_165.png,colored PNG/PICTURE_67.png,blank.png,blank.png,colored PNG/PICTURE_69.png,colored PNG/PICTURE_165.png,colored PNG/PICTURE_541.png,colored PNG/PICTURE_238.png,blank.png,blank.png,blank.png,blank.png,blank.png,0,0,1,1,0,0,0,0,0,0,0,4,,,,,,,,,,,,,,,0,2,2,2,1,0,,,
,,,,,,,,,,,,,,,,,,,,,,,,,,,,,,,,,,,,,,,,,,,,,,,,,,,,EarlyLearningLab02,15,10,2021,3 or younger,EarlyLearningLab02,English,no,2025-04-17_16h17.58.837,manynumbers_ams_visualmemory_v2025.0301B_UCSD,2022.2.5,MacIntel,60.24096386,,,,,,,,,,,,,,,,,,,,,,,,,,,,,,,,,,,,,,,,,,,,,,,,,,,,,,,,,,,,,,,,,,,,,,,484.2109,,484.284,0.0731,,0,,,,,,,,,,,,,,,32,item_32,,colored PNG/PICTURE_69.png,colored PNG/PICTURE_64.png,,blank.png,colored PNG/PICTURE_165.png,colored PNG/PICTURE_541.png,blank.png,blank.png,colored PNG/PICTURE_707.png,4,0,0,0,0,0,0,,,,,,,,,,,,,,,,,,,,,,,,,,,,,,,,,,,8,"2,3,6,7","2,3,6,7,12,13,14,15",p7_p12_p14_p15,colored PNG/PICTURE_238.png,blank.png,blank.png,1,0,0,,,,,,,,,,,,,,,,,,,,,,,,,,,,,,,,,,,,,,,,,,,,,,,,,,,,,colored PNG/PICTURE_238.png,colored PNG/PICTURE_475.png,blank.png,blank.png,colored PNG/PICTURE_69.png,colored PNG/PICTURE_338.png,colored PNG/PICTURE_64.png,colored PNG/PICTURE_475.png,blank.png,blank.png,blank.png,blank.png,blank.png,0,0,1,0,1,1,0,0,0,0,0,4,,,,,,,,,,,,,,,0,3,3,3,1,0,,,
,,,,,,,,,,,,,,,,,,,,,,,,,,,,,,,,,,,,,,,,,,,,,,,,,,,,EarlyLearningLab02,15,10,2021,3 or younger,EarlyLearningLab02,English,no,2025-04-17_16h17.58.837,manynumbers_ams_visualmemory_v2025.0301B_UCSD,2022.2.5,MacIntel,60.24096386,,,,,,,,,,,,,,,,,,,,,,,,,,,,,,,,,,,,,,,,,,,,,,,,,,,,,,,,,,,,,,,,,,,,,,,484.2125,,484.2856,0.0731,,0,,,,,,,,,,,,,,,33,item_33,,colored PNG/PICTURE_35.png,colored PNG/PICTURE_541.png,,colored PNG/PICTURE_35.png,blank.png,blank.png,colored PNG/PICTURE_238.png,colored PNG/PICTURE_338.png,blank.png,4,1,0,0,0,0,0,,,,,,,,,,,,,,,,,,,,,,,,,,,,,,,,,,,10,"2,3,6,7","1,4,5,8,9,16,17,18,19,20",p1_p18_p19_p20,blank.png,colored PNG/PICTURE_69.png,colored PNG/PICTURE_707.png,0,0,0,,,,,,,,,,,,,,,,,,,,,,,,,,,,,,,,,,,,,,,,,,,,,,,,,,,,,colored PNG/PICTURE_67.png,colored PNG/PICTURE_475.png,blank.png,blank.png,blank.png,blank.png,blank.png,blank.png,colored PNG/PICTURE_64.png,colored PNG/PICTURE_165.png,colored PNG/PICTURE_67.png,colored PNG/PICTURE_475.png,colored PNG/PICTURE_541.png,0,0,0,0,0,0,0,0,1,1,1,4,,,,,,,,,,,,,,,0,4,4,4,1,,0,,
,,,,,,,,,,,,,,,,,,,,,,,,,,,,,,,,,,,,,,,,,,,,,,,,,,,,EarlyLearningLab02,15,10,2021,3 or younger,EarlyLearningLab02,English,no,2025-04-17_16h17.58.837,manynumbers_ams_visualmemory_v2025.0301B_UCSD,2022.2.5,MacIntel,60.24096386,,,,,,,,,,,,,,,,,,,,,,,,,,,,,,,,,,,,,,,,,,,,,,,,,,,,,,,,,,,,,,,,,,,,,,,484.2141,,484.2873,0.0732,,0,,,,,,,,,,,,,,,34,item_34,,colored PNG/PICTURE_69.png,colored PNG/PICTURE_64.png,,colored PNG/PICTURE_707.png,blank.png,blank.png,colored PNG/PICTURE_338.png,colored PNG/PICTURE_165.png,blank.png,4,1,0,0,0,0,0,,,,,,,,,,,,,,,,,,,,,,,,,,,,,,,,,,,10,"2,3,6,7","1,4,5,8,9,16,17,18,19,20",p1_p9_p19_p20,blank.png,colored PNG/PICTURE_475.png,colored PNG/PICTURE_64.png,0,0,1,,,,,,,,,,,,,,,,,,,,,,,,,,,,,,,,,,,,,,,,,,,,,,,,,,,,,colored PNG/PICTURE_35.png,colored PNG/PICTURE_707.png,blank.png,blank.png,blank.png,blank.png,blank.png,blank.png,colored PNG/PICTURE_541.png,colored PNG/PICTURE_67.png,colored PNG/PICTURE_238.png,colored PNG/PICTURE_35.png,colored PNG/PICTURE_69.png,0,0,0,0,0,0,0,0,0,1,1,4,,,,,,,,,,,,,,,0,5,5,5,1,,0,,
,,,,,,,,,,,,,,,,,,,,,,,,,,,,,,,,,,,,,,,,,,,,,,,,,,,,EarlyLearningLab02,15,10,2021,3 or younger,EarlyLearningLab02,English,no,2025-04-17_16h17.58.837,manynumbers_ams_visualmemory_v2025.0301B_UCSD,2022.2.5,MacIntel,60.24096386,,,,,,,,,,,,,,,,,,,,,,,,,,,,,,,,,,,,,,,,,,,,,,,,,,,,,,,,,,,,,152.3652,,,,,,,,,,,,,,,,,,,,,,,,,,,,,,,,,,,,,,,,,,,,,,,,,,,,,,,,,,,,,,,,,,,,,,,,,,,,,,,,,,,,,,,,,,,,,,,,,,,,,,,,,,,,,,,,,,,,,,,,,,,,,,,,,,,,,,,,,,,,,,,,,,,,,,,,,,,,,,,,,,,,,,,,,,,,,,,,,,,,,,,,,,,,,,,space,1.4967
